,meta_prob,l2_consensus_target,realized_return,volatility_1d,layer5_size,layer5_pnl
2025-11-21 17:00:00,,4.5397868702434395e-05,-0.014431750327691617,0.0069546549576869465,0.0,-0.0
2025-11-21 17:15:00,,4.5397868702434395e-05,-0.014442315932513113,0.006959129164833702,0.0,-0.0
2025-11-21 17:45:00,,4.5397868702434395e-05,-0.014439788187304537,0.006958058901952357,0.0,-0.0
2025-11-21 19:15:00,,4.5397868702434395e-05,-0.014707135767311183,0.0070707066805554795,0.0,-0.0
2025-11-22 00:00:00,,4.5397868702434395e-05,-0.010961262704991858,0.007112433593183577,0.0,-0.0
2025-11-22 01:15:00,,4.5397868702434395e-05,-0.013070901678233464,0.007125547399718458,0.0,-0.0
2025-11-22 06:45:00,,4.5397868702434395e-05,-0.011883174661823918,0.006886679223968949,0.0,-0.0
2025-11-22 07:30:00,,4.5397868702434395e-05,-0.012609258775957826,0.006767812829388715,0.0,-0.0
2025-11-22 14:30:00,,0.7627422907329111,0.0005838866425533786,0.005014794400926066,0.0,0.0
2025-11-22 15:15:00,,0.07237177985824038,-0.001275407292611795,0.004881523369734885,0.0,-0.0
2025-11-22 16:15:00,,0.9985133632156483,0.0032548755795534373,0.004836583306167685,0.0,0.0
2025-11-22 16:30:00,,4.5397868702434395e-05,-0.006511267489092648,0.004839803887726157,0.0,-0.0
2025-11-22 16:45:00,,4.5397868702434395e-05,-0.00695838828119992,0.004487344178164562,0.0,-0.0
2025-11-22 17:00:00,,0.0013441583851648744,-0.00330532106757164,0.0044138389891182185,0.0,-0.0
2025-11-22 17:15:00,,0.0015002919329533218,-0.0032502970746718348,0.004402708892054458,0.0,-0.0
2025-11-22 17:45:00,,4.5397868702434395e-05,-0.005472735941410065,0.004383758859667371,0.0,-0.0
2025-11-22 18:15:00,,4.5397868702434395e-05,-0.007067694302648306,0.003920227636244628,0.0,-0.0
2025-11-22 18:45:00,,4.5397868702434395e-05,-0.005234296873211861,0.003798214151011047,0.0,-0.0
2025-11-22 19:30:00,,0.9287259899858844,0.0012836409993469714,0.003679508218816647,0.0,0.0
2025-11-22 20:15:00,,4.5397868702434395e-05,-0.009477871893130936,0.0034350867972725704,0.0,-0.0
2025-11-22 22:00:00,,0.9999546021312976,0.0066514006174067134,0.0032427335787285584,0.0,0.0
2025-11-22 22:30:00,,0.9999546021312976,0.006521858608603443,0.003208256040896047,0.0,0.0
2025-11-22 22:45:00,,4.5397868702434395e-05,-0.008850442709182938,0.0031700300975673387,0.0,-0.0
2025-11-22 23:00:00,,0.9999546021312976,0.006359905175235725,0.0031649338559877915,0.0,0.0
2025-11-22 23:15:00,,0.9999546021312976,0.00561591910807144,0.0029626851661748556,0.0,0.0
2025-11-22 23:30:00,,0.9999546021312976,0.005638740158938233,0.0029689704540251274,0.0,0.0
2025-11-22 23:45:00,,0.9999546021312976,0.005641178039305038,0.00296964157285419,0.0,0.0
2025-11-23 00:00:00,,0.9999546021312976,0.0055947875017171985,0.0029568604497113445,0.0,0.0
2025-11-23 00:15:00,,0.9999546021312976,0.005299318205083192,0.0028749349210761927,0.0,0.0
2025-11-23 00:30:00,,0.9999546021312976,0.005222866371244886,0.002853588129988144,0.0,0.0
2025-11-23 00:45:00,,0.9999546021312976,0.0052137071450324935,0.0028510265389665303,0.0,0.0
2025-11-23 01:00:00,,0.9999546021312976,0.005307322884474267,0.00287716640208753,0.0,0.0
2025-11-23 01:15:00,,0.9999546021312976,0.005287776324702255,0.0028717161767738675,0.0,0.0
2025-11-23 01:30:00,,0.9999546021312976,0.005476925293902903,0.0029242889942661158,0.0,0.0
2025-11-23 01:45:00,,0.9999546021312976,0.005470986186954526,0.002922643923658551,0.0,0.0
2025-11-23 02:00:00,,0.9999546021312976,0.005311735147106668,0.002878396128821127,0.0,0.0
2025-11-23 02:15:00,,0.9999546021312976,0.005335931388518285,0.0028851361367641633,0.0,0.0
2025-11-23 02:45:00,,0.9999546021312976,0.005196406215836378,0.0028461854912671574,0.0,0.0
2025-11-23 03:00:00,,0.9999546021312976,0.005240343439765081,0.0028584735225852973,0.0,0.0
2025-11-23 03:15:00,,0.9999546021312976,0.00515437637365805,0.0028344116150716813,0.0,0.0
2025-11-23 06:30:00,,4.5397868702434395e-05,-0.007836341704670005,0.002721060352054605,0.0,-0.0
2025-11-23 06:45:00,,4.5397868702434395e-05,-0.007832709881113467,0.0027194022146861297,0.0,-0.0
2025-11-23 07:00:00,,4.5397868702434395e-05,-0.007827766256075352,0.002717144551237615,0.0,-0.0
2025-11-23 08:00:00,,0.16542350379456988,-0.0008092077653855086,0.002849227863121435,0.0,-0.0
2025-11-23 22:30:00,,4.5397868702434395e-05,-0.008283047140741403,0.0029221798991963775,0.0,-0.0
2025-11-23 22:45:00,,4.5397868702434395e-05,-0.008092332296043406,0.0028369898062617018,0.0,-0.0
2025-11-24 02:00:00,,4.5397868702434395e-05,-0.010062052602490228,0.0036741428023879877,0.0,-0.0
2025-11-24 02:15:00,,4.5397868702434395e-05,-0.01005163331247291,0.003669940390598908,0.0,-0.0
2025-11-24 02:30:00,,4.5397868702434395e-05,-0.010086977316484301,0.0036841869225738236,0.0,-0.0
2025-11-24 02:45:00,,4.5397868702434395e-05,-0.010064719235589322,0.00367521798787775,0.0,-0.0
2025-11-24 03:00:00,,4.5397868702434395e-05,-0.01003839602832309,0.003664598274657656,0.0,-0.0
2025-11-24 03:15:00,,4.5397868702434395e-05,-0.010157488545118498,0.0037125348256813115,0.0,-0.0
2025-11-24 03:30:00,,4.5397868702434395e-05,-0.01014738158926249,0.003708477503441195,0.0,-0.0
2025-11-24 03:45:00,,4.5397868702434395e-05,-0.010136578554733572,0.003704138527617496,0.0,-0.0
2025-11-24 04:00:00,,4.5397868702434395e-05,-0.010101119164850174,0.003689880298695379,0.0,-0.0
2025-11-24 05:00:00,,4.5397868702434395e-05,-0.009238585719327945,0.004489669630501631,0.0,-0.0
2025-11-24 05:15:00,,4.5397868702434395e-05,-0.009228384231408072,0.004484161243928153,0.0,-0.0
2025-11-24 05:30:00,,4.5397868702434395e-05,-0.009234051024406598,0.004487221497755675,0.0,-0.0
2025-11-24 05:45:00,,4.5397868702434395e-05,-0.009221824931943652,0.004480617704106679,0.0,-0.0
2025-11-24 06:15:00,,4.5397868702434395e-05,-0.00690357430287381,0.004590650078733823,0.0,-0.0
2025-11-24 06:45:00,,4.5397868702434395e-05,-0.007860482025067434,0.004579446292277236,0.0,-0.0
2025-11-24 08:45:00,,4.5397868702434395e-05,-0.00933660970300442,0.004542427398132628,0.0,-0.0
2025-11-24 15:00:00,,0.9650472801850927,0.0016590904046641089,0.004785569580973737,0.0,0.0
2025-11-24 15:30:00,,0.9999546021312976,0.016842548657975243,0.0048572673832727,0.0,0.0
2025-11-24 15:45:00,,0.9999546021312976,0.016831751404292356,0.004855857142466176,0.0,0.0
2025-11-24 16:00:00,,0.9999546021312976,0.022008149930035113,0.004853167545100901,0.0,0.0
2025-11-24 16:15:00,,0.9999546021312976,0.021987640843491103,0.004846236681299887,0.0,0.0
2025-11-24 16:30:00,,0.9999546021312976,0.02240761256456352,0.004861898594494122,0.0,0.0
2025-11-24 16:45:00,,0.9999546021312976,0.023028738222094062,0.004731526190565214,0.0,0.0
2025-11-24 17:00:00,,0.9999546021312976,0.023016830193293206,0.004729916612521915,0.0,0.0
2025-11-24 17:15:00,,0.9999546021312976,0.009003098082712567,0.00513091039538789,0.0,0.0
2025-11-24 17:30:00,,0.9999546021312976,0.009574988722270708,0.005131355522007047,0.0,0.0
2025-11-24 19:30:00,,0.0002773739852953488,-0.004094933211249414,0.005195307479807341,0.0,-0.0
2025-11-24 21:15:00,,4.5397868702434395e-05,-0.00837270257411292,0.005181675438928886,0.0,-0.0
2025-11-24 21:30:00,,4.5397868702434395e-05,-0.007366210547962384,0.005181458533290006,0.0,-0.0
2025-11-24 21:45:00,,4.5397868702434395e-05,-0.007537564487364264,0.00516619329676413,0.0,-0.0
2025-11-24 22:15:00,,4.5397868702434395e-05,-0.0076277145454361,0.005177306022562172,0.0,-0.0
2025-11-24 22:45:00,,4.5397868702434395e-05,-0.009532298201248963,0.005160203223920864,0.0,-0.0
2025-11-25 02:45:00,,4.5397868702434395e-05,-0.007653944518022924,0.004630929258913264,0.0,-0.0
2025-11-25 05:45:00,,4.5397868702434395e-05,-0.010645143488391889,0.0039059696853497305,0.0,-0.0
2025-11-25 16:15:00,,4.5397868702434395e-05,-0.01112468474054244,0.00409193643570896,0.0,-0.0
2025-11-25 16:30:00,,4.5397868702434395e-05,-0.011064046692225115,0.00406864404125154,0.0,-0.0
2025-11-25 16:45:00,,4.5397868702434395e-05,-0.011051028518512855,0.00406363520908504,0.0,-0.0
2025-11-25 17:00:00,,4.5397868702434395e-05,-0.011180163584473532,0.004113191838504773,0.0,-0.0
2025-11-25 17:15:00,,4.5397868702434395e-05,-0.009950672068744152,0.003629107071616639,0.0,-0.0
2025-11-25 17:30:00,,4.5397868702434395e-05,-0.009994457690479068,0.0036468411260996967,0.0,-0.0
2025-11-25 17:45:00,,4.5397868702434395e-05,-0.0098823176780744,0.0036013444916956406,0.0,-0.0
2025-11-25 18:00:00,,4.5397868702434395e-05,-0.009896597646859451,0.0036071522576422736,0.0,-0.0
2025-11-25 18:15:00,,4.5397868702434395e-05,-0.0098618010635892,0.003592992934237169,0.0,-0.0
2025-11-25 18:30:00,,4.5397868702434395e-05,-0.009893664551571216,0.0036059596866116054,0.0,-0.0
2025-11-25 20:00:00,,4.5397868702434395e-05,-0.010292943130482077,0.0037667191589979463,0.0,-0.0
2025-11-25 20:15:00,,4.5397868702434395e-05,-0.010291114800130504,0.003765990160134376,0.0,-0.0
2025-11-25 20:30:00,,4.5397868702434395e-05,-0.01029485596204789,0.003767481781636447,0.0,-0.0
2025-11-25 21:00:00,,4.5397868702434395e-05,-0.010288901405028444,0.0037651075406611133,0.0,-0.0
2025-11-25 21:15:00,,4.5397868702434395e-05,-0.010317417669778933,0.0037764715520466024,0.0,-0.0
2025-11-25 21:30:00,,4.5397868702434395e-05,-0.01028068900281916,0.003761831915989532,0.0,-0.0
2025-11-25 22:15:00,,0.9999546021312976,0.00909615935065473,0.003866780397696205,0.0,0.0
2025-11-25 22:30:00,,0.9086746640838728,0.0011487794369459152,0.003909486197605105,0.0,0.0
2025-11-25 22:45:00,,4.5397868702434395e-05,-0.010853012080585967,0.003987082232704141,0.0,-0.0
2025-11-25 23:00:00,,4.5397868702434395e-05,-0.010867732677122318,0.0039927969664525515,0.0,-0.0
2025-11-25 23:15:00,,0.6018754467225621,0.00020664281025528902,0.004018480285553511,0.0,0.0
2025-11-25 23:30:00,,0.0002540140484706636,-0.004138933468610048,0.004019384779767688,0.0,-0.0
2025-11-25 23:45:00,,0.10580563883263969,-0.0010671596713364125,0.004015997049652931,0.0,-0.0
2025-11-26 00:00:00,,0.011701836790697894,-0.0022181193083524705,0.0039903274458541705,0.0,-0.0
2025-11-26 00:15:00,,6.465279964577525e-05,-0.004823207247070968,0.0039929197224616,0.0,-0.0
2025-11-26 00:30:00,,0.013176661071895591,-0.0021580219357274473,0.00397580020055701,0.0,-0.0
2025-11-26 00:45:00,,4.5397868702434395e-05,-0.009150164175778627,0.0039758455714682655,0.0,-0.0
2025-11-26 01:00:00,,4.5397868702434395e-05,-0.010820349032942642,0.003974388222756839,0.0,-0.0
2025-11-26 01:15:00,,4.5397868702434395e-05,-0.010823907296381007,0.003975772012771833,0.0,-0.0
2025-11-26 01:30:00,,4.5397868702434395e-05,-0.010933270672081549,0.004018193123345688,0.0,-0.0
2025-11-26 01:45:00,,4.5397868702434395e-05,-0.010824513647018474,0.003976007796808896,0.0,-0.0
2025-11-26 02:00:00,,4.5397868702434395e-05,-0.010824122159534138,0.003975855564687046,0.0,-0.0
2025-11-26 02:15:00,,4.5397868702434395e-05,-0.010842744682472562,0.003983094009370489,0.0,-0.0
2025-11-26 02:30:00,,4.5397868702434395e-05,-0.010808698113987481,0.0039698556578433184,0.0,-0.0
2025-11-26 03:00:00,,4.5397868702434395e-05,-0.010805576455147162,0.003968640824332022,0.0,-0.0
2025-11-26 06:00:00,,4.5397868702434395e-05,-0.010866014915196155,0.003992130306530032,0.0,-0.0
2025-11-26 07:15:00,,4.5397868702434395e-05,-0.010882994644686058,0.0039987178066193335,0.0,-0.0
2025-11-26 14:00:00,,4.5397868702434395e-05,-0.010191355724978354,0.0037261158171370207,0.0,-0.0
2025-11-26 14:30:00,,4.5397868702434395e-05,-0.009726206990265794,0.0035375791785971448,0.0,-0.0
2025-11-26 15:15:00,,4.5397868702434395e-05,-0.010049695538955197,0.0036691585898437234,0.0,-0.0
2025-11-26 16:00:00,,0.9999546021312976,0.008205784397089248,0.00364504709310237,0.0,0.0
2025-11-26 16:15:00,,0.9999546021312976,0.0073109982928773005,0.00341595425329114,0.0,0.0
2025-11-26 16:30:00,,0.9999546021312976,0.007311246899493034,0.0034160188259658676,0.0,0.0
2025-11-26 16:45:00,,0.9999546021312976,0.007309072548792876,0.0034154540458182347,0.0,0.0
2025-11-26 17:00:00,,0.9999546021312976,0.0070610202100451075,0.0033507563267584934,0.0,0.0
2025-11-26 17:15:00,,0.9999546021312976,0.007529389267380525,0.003472476999054502,0.0,0.0
2025-11-26 17:30:00,,0.24056464607319505,-0.0005747931748628617,0.0036858387599019967,0.0,-0.0
2025-11-26 17:45:00,0.9999,4.5397868702434395e-05,-0.00812076774612069,0.0036970810890150727,1.0,-0.00812076774612069
2025-11-26 18:00:00,0.9999,4.5397868702434395e-05,-0.010133684169413659,0.003702975624421623,1.0,-0.010133684169413659
2025-11-26 18:15:00,0.9999,4.5397868702434395e-05,-0.010131578353493388,0.0037021294481223823,0.0,-0.0
2025-11-26 18:30:00,0.9999,0.9747192691822255,0.001826053511351347,0.003754546707957163,0.0,0.0
2025-11-26 20:00:00,0.9999,0.03883962528448823,-0.0016043501412495971,0.0035441422800328885,0.0,-0.0
2025-11-26 20:15:00,0.9999,0.10960984506182844,-0.0010473662726581097,0.003544106429320338,0.0,-0.0
2025-11-26 20:30:00,0.9999,0.22711508221791757,-0.0006123366504907609,0.003563297832410762,0.0,-0.0
2025-11-26 21:00:00,0.9999,0.4846218605585745,-3.076598234474665e-05,0.0035937739481968056,0.0,-0.0
2025-11-26 21:30:00,0.9999,4.5397868702434395e-05,-0.009923023250790657,0.0036178887709923755,0.0,-0.0
2025-11-26 21:45:00,0.9999,0.006430142644253237,-0.002520153825869784,0.00360731445066865,0.0,-0.0
2025-11-26 22:30:00,0.9999,0.761494295058804,0.0005804447252303361,0.0034364364653661386,0.0,0.0
2025-11-26 22:45:00,0.9999,4.5397868702434395e-05,-0.009287547201961064,0.0033556303461996645,0.0,-0.0
2025-11-26 23:00:00,0.9999,4.5397868702434395e-05,-0.009273412773444251,0.0033496974122088036,0.0,-0.0
2025-11-26 23:15:00,0.9999,0.9999546021312976,0.006965882400295897,0.003325800155986067,0.0,0.0
2025-11-26 23:30:00,0.9999,0.9999546021312976,0.0069536896910415,0.0033225960516467335,0.0,0.0
2025-11-26 23:45:00,0.9999,4.5397868702434395e-05,-0.009183312491063026,0.0033117717516757245,0.0,-0.0
2025-11-27 00:15:00,0.9999,0.9999546021312976,0.007015370899549674,0.003338791707170221,1.0,0.007015370899549674
2025-11-27 00:30:00,0.9999,0.9999546021312976,0.007018603434864995,0.003339639551442752,1.0,0.007018603434864995
2025-11-27 00:45:00,0.9999,0.9999546021312976,0.007098265991248816,0.003360504888231901,0.0,0.0
2025-11-27 01:00:00,0.9999,0.9999546021312976,0.007093540912154088,0.0033592688353544543,0.0,0.0
2025-11-27 01:15:00,0.9999,0.9999546021312976,0.007076368453240336,0.0033547749815019305,0.0,0.0
2025-11-27 01:30:00,0.9999,0.9999546021312976,0.006909820252353721,0.003311056782661466,0.0,0.0
2025-11-27 01:45:00,0.9999,4.5397868702434395e-05,-0.009211247072468912,0.003323549861216817,0.0,-0.0
2025-11-27 02:00:00,0.9999,4.5397868702434395e-05,-0.005083536237478256,0.0033289060322836796,0.0,-0.0
2025-11-27 02:45:00,0.9999,4.5397868702434395e-05,-0.007615704994648696,0.0035140269241684748,0.0,-0.0
2025-11-27 03:00:00,0.9999,4.5397868702434395e-05,-0.009676663096499095,0.003517236249180992,0.0,-0.0
2025-11-27 03:15:00,0.9999,4.5397868702434395e-05,-0.009676027795260698,0.0035169750563053158,0.0,-0.0
2025-11-27 05:45:00,0.9999,0.003948866927828514,-0.0027651849553221837,0.0034906019844624884,0.0,-0.0
2025-11-27 06:45:00,0.9999,0.2767753158851036,-0.000480256948620081,0.0034714256025193554,0.0,-0.0
2025-11-27 07:15:00,0.9999,0.00011872259599071034,-0.004519301091320813,0.0034634640365448165,0.0,-0.0
2025-11-27 16:30:00,0.9999,0.7834691523104749,0.0006429993342608213,0.0031677180550246475,0.0,0.0
2025-11-27 17:30:00,0.9999,0.9998962381691268,0.004586654302813776,0.0026734795710998955,0.0,0.0
2025-11-27 18:15:00,0.9999,0.9804944854648093,0.001958679899573326,0.002612585271123038,0.0,0.0
2025-11-27 18:30:00,0.9999,0.03774001953652605,-0.0016192818032577634,0.0025415527129637266,0.0,-0.0
2025-11-27 18:45:00,0.9999,0.0029137027891827055,-0.002917706307314802,0.0024762116037601875,0.0,-0.0
2025-11-27 19:00:00,0.9999,0.001721976270692609,-0.003181279596290551,0.002436638068172814,0.0,-0.0
2025-11-27 19:15:00,0.9999,0.003742910396230502,-0.002792070928378962,0.0024300299880013676,0.0,-0.0
2025-11-27 19:30:00,0.9999,0.0002343758328841079,-0.00417917510215193,0.002425256700955855,0.0,-0.0
2025-11-27 19:45:00,0.9999,4.5397868702434395e-05,-0.007208584541844019,0.00242855503452507,0.0,-0.0
2025-11-27 20:00:00,0.9999,4.5397868702434395e-05,-0.007188393285179524,0.002418941358418806,0.0,-0.0
2025-11-27 20:15:00,0.9999,4.5397868702434395e-05,-0.007186168234415593,0.0024178811253700487,0.0,-0.0
2025-11-27 20:30:00,0.9999,4.5397868702434395e-05,-0.007142850092270677,0.002397207591779633,0.0,-0.0
2025-11-27 20:45:00,0.9999,4.5397868702434395e-05,-0.007059554794384649,0.0023572796559782577,0.0,-0.0
2025-11-27 21:00:00,0.9999,4.5397868702434395e-05,-0.007032015085884592,0.00234402708676496,0.0,-0.0
2025-11-27 21:15:00,0.9999,4.5397868702434395e-05,-0.006934412294481851,0.0022968506765785844,0.0,-0.0
2025-11-27 21:45:00,0.9999,4.5397868702434395e-05,-0.0069261252025795104,0.002292829994031727,0.0,-0.0
2025-11-27 22:15:00,0.9999,4.5397868702434395e-05,-0.006920078034942548,0.002289894560460728,0.0,-0.0
2025-11-28 05:00:00,0.9999,4.5397868702434395e-05,-0.006177017781453924,0.0019189748146403972,1.0,-0.006177017781453924
2025-11-28 05:30:00,0.9999,4.5397868702434395e-05,-0.006053243290017731,0.00185508352376994,1.0,-0.006053243290017731
2025-11-28 06:00:00,0.9999,4.5397868702434395e-05,-0.006044444953863071,0.0018505174001181915,0.0,-0.0
2025-11-28 08:30:00,0.9999,0.9879284431001514,0.002202379126552496,0.001953887636748219,0.0,0.0
2025-11-28 08:45:00,0.9999,4.5397868702434395e-05,-0.007182052467414952,0.002415919540244567,0.0,-0.0
2025-11-28 09:00:00,0.9999,4.5397868702434395e-05,-0.0071858241400704626,0.002417717150453243,0.0,-0.0
2025-11-28 09:15:00,0.9999,4.5397868702434395e-05,-0.007183484404682804,0.0024166020684034013,0.0,-0.0
2025-11-28 09:30:00,0.9999,4.5397868702434395e-05,-0.0072006843722685265,0.0024247951129327977,0.0,-0.0
2025-11-28 09:45:00,0.9999,4.5397868702434395e-05,-0.007171877571562086,0.002411067766416427,0.0,-0.0
2025-11-28 10:00:00,0.9999,4.5397868702434395e-05,-0.007185386070222253,0.0024175083867655333,0.0,-0.0
2025-11-28 10:15:00,0.9999,4.5397868702434395e-05,-0.007182729183822927,0.002416242103284154,0.0,-0.0
2025-11-28 10:30:00,0.9999,4.5397868702434395e-05,-0.007182980765761456,0.002416362018266214,0.0,-0.0
2025-11-28 10:45:00,0.9999,4.5397868702434395e-05,-0.007215947306973223,0.002432057351529022,0.0,-0.0
2025-11-28 11:30:00,0.9999,0.9998124050678793,0.004290518961754249,0.0025880826094143577,0.0,0.0
2025-11-28 12:00:00,0.9999,0.9998198835556008,0.004310863435118157,0.002593982296584133,0.0,0.0
2025-11-28 12:30:00,0.9999,0.9997648698319114,0.004177568066297351,0.0025552381874108855,0.0,0.0
2025-11-28 13:30:00,0.9999,0.9997803930276378,0.004211725733730038,0.002565186846916026,0.0,0.0
2025-11-28 14:30:00,0.05014045158872176,0.9999546021312976,0.005718860814734129,0.0029909951803293562,0.0,0.0
2025-11-28 14:45:00,0.02054838646488786,4.5397868702434395e-05,-0.00848679003596985,0.003012121081818412,0.0,-0.0
2025-11-28 15:00:00,0.020712561032699663,4.5397868702434395e-05,-0.008478568743865742,0.0030085127191830864,0.0,-0.0
2025-11-28 15:15:00,0.00301232863349294,4.5397868702434395e-05,-0.008530321705390465,0.00303119848694255,0.0,-0.0
2025-11-28 15:30:00,0.0019426340743315402,4.5397868702434395e-05,-0.008610741901277079,0.0030663153488684936,0.0,-0.0
2025-11-28 15:45:00,0.003080799082093717,4.5397868702434395e-05,-0.008600064851585272,0.00306166243007962,0.0,-0.0
2025-11-28 16:00:00,0.0018672023439083917,4.5397868702434395e-05,-0.008667962072267006,0.003091202504152672,0.0,-0.0
2025-11-28 19:15:00,0.0010666875529662299,4.5397868702434395e-05,-0.00922008816143664,0.003327273849989041,0.0,-0.0
2025-11-28 19:45:00,0.0015241705711879923,4.5397868702434395e-05,-0.009206393344610198,0.003321504649337872,0.0,-0.0
2025-11-28 20:30:00,0.00175588721184357,4.5397868702434395e-05,-0.009241047166324325,0.0033360949943901674,0.0,-0.0
2025-11-28 21:00:00,0.0027850920186926107,4.5397868702434395e-05,-0.009244160854458405,0.003337404623427675,0.0,-0.0
2025-11-30 01:15:00,0.025659628488751262,4.5397868702434395e-05,-0.005804638209495547,0.0017247722130800552,0.0,-0.0
2025-11-30 01:45:00,0.03316549988611398,4.5397868702434395e-05,-0.005795515078962786,0.0017199381440679631,0.0,-0.0
2025-11-30 02:15:00,0.08777664839198386,4.5397868702434395e-05,-0.005800352057185843,0.0017225015798294318,0.0,-0.0
2025-11-30 04:00:00,0.22577315179187393,4.5397868702434395e-05,-0.005988898183015418,0.0018216137344569234,0.0,-0.0
2025-11-30 07:15:00,0.5738322521311668,0.9211770350866382,0.0012292239254868918,0.0016359471681334705,0.0,0.0
2025-11-30 07:45:00,0.7269069722027739,0.9150419615107762,0.0011884062270167842,0.001622250324111398,0.0,0.0
2025-11-30 08:15:00,0.9291427306164299,0.0032017529956589867,-0.0028704249592265115,0.001630294747982491,0.0,-0.0
2025-11-30 08:30:00,0.9702645061902226,4.5397868702434395e-05,-0.005631689415860952,0.0016324825148981183,0.0,-0.0
2025-11-30 08:45:00,0.9895610835472988,0.0016939215690557142,-0.003189506812603213,0.0016400321804685813,0.0,-0.0
2025-11-30 09:00:00,0.9974940260304157,4.5397868702434395e-05,-0.005650049405711019,0.001642345729053764,0.0,-0.0
2025-11-30 09:15:00,0.9992989133766786,0.004092275768537826,-0.0027472766845021397,0.0016365904634975572,0.0,-0.0
2025-11-30 09:30:00,0.9996695496227833,4.5397868702434395e-05,-0.0056392331745706275,0.0016365370367687124,0.0,-0.0
2025-11-30 09:45:00,0.9998803433986507,4.5397868702434395e-05,-0.005637380928502862,0.0016355417639978473,0.0,-0.0
2025-11-30 10:00:00,0.9999,4.5397868702434395e-05,-0.005640604225553391,0.0016372736434963813,1.0,-0.005640604225553391
2025-11-30 10:15:00,0.9999,4.5397868702434395e-05,-0.005645628777138449,0.0016399723626423575,1.0,-0.005645628777138449
2025-11-30 10:45:00,0.9999,4.5397868702434395e-05,-0.005632136700045516,0.0016327229902702313,0.0,-0.0
2025-11-30 11:00:00,0.9999,4.5397868702434395e-05,-0.00563176019961452,0.0016325205713090822,0.0,-0.0
2025-11-30 11:30:00,0.9999,0.9213553347865361,0.0012304529890993128,0.0016363591196795367,0.0,0.0
2025-11-30 12:00:00,0.9999,0.92232807496303,0.0012372035614988553,0.0016386212500576237,0.0,0.0
2025-11-30 12:15:00,0.9999,0.9226166134195231,0.0012392208321215523,0.0016392970795307902,0.0,0.0
2025-11-30 12:30:00,0.9999,0.9532877719886194,0.0015079554250988399,0.0017286726361948712,0.0,0.0
2025-11-30 12:45:00,0.9999,0.9530960798969813,0.001505807230343448,0.0017279632830564736,0.0,0.0
2025-11-30 13:00:00,0.9999,0.9525789216366817,0.0015000530699326373,0.0017260628090954733,0.0,0.0
2025-11-30 13:15:00,0.9999,4.5397868702434395e-05,-0.006076209158343324,0.0018669868051657255,0.0,-0.0
2025-11-30 13:30:00,0.9999,4.5397868702434395e-05,-0.006080852646233302,0.0018693908324953115,0.0,-0.0
2025-11-30 14:15:00,0.9999,4.5397868702434395e-05,-0.006118188579197429,0.0018886874785422436,0.0,-0.0
2025-11-30 14:30:00,0.9999,0.985152364517163,0.0020974778440864157,0.0019203733428350598,0.0,0.0
2025-11-30 14:45:00,0.9999,4.5397868702434395e-05,-0.0062111049577941585,0.0019364587935661488,0.0,-0.0
2025-11-30 15:00:00,0.9999,0.021127063379596526,-0.0019179235009562673,0.0019527367141320162,0.0,-0.0
2025-11-30 15:15:00,0.9999,0.0005358766161263019,-0.0037655352984685138,0.0019379533261553597,0.0,-0.0
2025-11-30 15:30:00,0.9999,0.9887272982926459,0.002237017266951379,0.001956199607208316,0.0,0.0
2025-11-30 15:45:00,0.9999,0.9876981331890555,0.0021928130468720705,0.0019421817300149552,0.0,0.0
2025-11-30 16:00:00,0.9999,0.0008785946525369982,-0.003518153965971701,0.001953904935371735,0.0,-0.0
2025-11-30 16:15:00,0.9999,7.332488320994458e-05,-0.004760268604151539,0.001978619484246209,0.0,-0.0
2025-11-30 16:30:00,0.9999,7.300229607255485e-05,-0.004762473329650477,0.001980717768817145,0.0,-0.0
2025-11-30 16:45:00,0.9999,7.296814192486566e-05,-0.004762707326627611,0.001980940428763434,0.0,-0.0
2025-11-30 17:00:00,0.9999,0.0007196593754431817,-0.003618006314552042,0.001995507018150438,0.0,-0.0
2025-11-30 17:15:00,0.9999,0.0020993620766653768,-0.0030820100922956672,0.001992573557501061,0.0,-0.0
2025-11-30 17:30:00,0.9999,4.5397868702434395e-05,-0.005222868354090978,0.0019672519971368784,0.0,-0.0
2025-11-30 17:45:00,0.9999,4.5397868702434395e-05,-0.005126463678821521,0.0018945392253314336,0.0,-0.0
2025-11-30 18:00:00,0.9999,4.5397868702434395e-05,-0.005137866298328877,0.001903182785996473,0.0,-0.0
2025-11-30 18:15:00,0.9999,4.5397868702434395e-05,-0.005137434606351148,0.0019028557624465715,0.0,-0.0
2025-11-30 18:45:00,0.9999,0.00010184217746731107,-0.004595992187661001,0.0018203085780810464,0.0,-0.0
2025-11-30 19:00:00,0.9999,0.00010172705362725568,-0.004596557772011533,0.001820860447149393,0.0,-0.0
2025-11-30 19:30:00,0.9999,0.00010319736987204217,-0.004589381994141259,0.001813855092656424,0.0,-0.0
2025-11-30 20:00:00,0.9999,4.5397868702434395e-05,-0.005022489825497791,0.0018151761841941998,0.0,-0.0
2025-11-30 20:45:00,0.9999,9.788419413587709e-05,-0.004615813790774371,0.0018396207622464941,0.0,-0.0
2025-11-30 22:15:00,0.9999,9.986135687888133e-05,-0.004605813949414509,0.0018298853061160852,0.0,-0.0
2025-12-02 02:30:00,0.01450090886265079,4.5397868702434395e-05,-0.00677606605054281,0.0036747152607923797,0.0,-0.0
2025-12-02 04:30:00,0.018596790534786113,9.463493914157248e-05,-0.004632694587571059,0.003687216096320242,0.0,-0.0
2025-12-02 06:30:00,0.029917684685025526,4.5397868702434395e-05,-0.006734085473665846,0.0036430042727098213,0.0,-0.0
2025-12-02 07:30:00,0.023214859198104967,4.5397868702434395e-05,-0.0067068540853684735,0.0036223680605198118,0.0,-0.0
2025-12-02 10:00:00,0.0004918808784526408,0.9999546021312976,0.00696507064522576,0.0036755051619384266,0.0,0.0
2025-12-02 10:30:00,0.00029601508301442916,0.9999546021312976,0.008411268684409976,0.0036809415592563214,0.0,0.0
2025-12-02 10:45:00,0.0016780544214344674,0.007428795549371689,-0.002447467506664383,0.0037020570850979494,0.0,-0.0
2025-12-02 11:00:00,0.0009537406428801276,0.9999546021312976,0.00748327302882612,0.003697867293992566,0.0,0.0
2025-12-02 11:15:00,0.0006565595733046471,0.22497880996414876,-0.0006184420755645111,0.003703620651715421,0.0,-0.0
2025-12-02 11:30:00,0.0007973012000762371,0.22414205054022893,-0.000620844721772536,0.003700729174872299,0.0,-0.0
2025-12-02 11:45:00,0.0007338368293094705,0.22434330523392082,-0.0006202662636937905,0.003701425416594776,0.0,-0.0
2025-12-02 12:00:00,0.0017157279268442413,0.20874069989476224,-0.0006662664578703155,0.0036458725797993644,0.0,-0.0
2025-12-02 12:15:00,0.0012261737615625998,0.20948577056313283,-0.0006640139204622022,0.0036486017310608993,0.0,-0.0
2025-12-02 12:30:00,0.0008541783422192796,0.9999546021312976,0.008279658084061897,0.0036479951632938192,0.0,0.0
2025-12-02 12:45:00,0.001271214129172757,0.9999546021312976,0.008307637919042507,0.003655010589862398,0.0,0.0
2025-12-02 13:00:00,0.002228042832848828,0.9999546021312976,0.008270228627102225,0.0036456295366975007,0.0,0.0
2025-12-02 13:15:00,0.008016256327511798,0.9999546021312976,0.008306814080816698,0.0036548041140943917,0.0,0.0
2025-12-02 13:30:00,0.003439783241625983,0.9999546021312976,0.008178121553354371,0.003622485739723041,0.0,0.0
2025-12-02 13:45:00,0.015496408019785716,0.9999546021312976,0.008186322419950315,0.00362454905630504,0.0,0.0
2025-12-02 14:00:00,0.9996113805995338,0.2074916278184558,-0.0006700560394843374,0.0036412790922377395,1.0,-0.0006700560394843374
2025-12-02 14:15:00,0.5749715905362622,0.20803933058848081,-0.000668392289776761,0.0036432961026738367,0.0,-0.0
2025-12-02 14:30:00,0.45657090273360945,0.9999546021312976,0.008660455265318624,0.0037429594829582625,0.0,0.0
2025-12-02 14:45:00,0.8504608794868408,0.9999546021312976,0.008673806964228732,0.0037462692768534373,0.8116568699116148,0.007040155010803459
2025-12-02 15:00:00,0.1366407734439309,0.9999546021312976,0.013882294121071467,0.004240286882642966,0.0,0.0
2025-12-02 15:15:00,0.1888499925680052,0.9999546021312976,0.013003436805109656,0.004071580452940492,0.0,0.0
2025-12-02 15:30:00,0.17502715701945704,7.4925563674555e-05,-0.004749470246617597,0.003915109031145185,0.0,-0.0
2025-12-02 15:45:00,0.02794788439342314,4.5397868702434395e-05,-0.00813458145189292,0.003870196805010006,0.0,-0.0
2025-12-02 16:00:00,0.020823662462228405,4.5397868702434395e-05,-0.007986197329933994,0.003783823529525715,0.0,-0.0
2025-12-02 16:15:00,0.024040250549869763,8.16997018915448e-05,-0.004706189250941891,0.0038405039244007537,0.0,-0.0
2025-12-02 16:30:00,0.017389072041502966,0.9889432951962424,0.0022467999904802107,0.0038527271273216053,0.0,0.0
2025-12-02 16:45:00,0.010608446162115297,0.4006741956406641,-0.00020132837333477127,0.0038024505940980557,0.0,-0.0
2025-12-02 17:00:00,0.009196001662049378,0.4008765069163834,-0.00020090716260354126,0.003802891504326593,0.0,-0.0
2025-12-02 17:15:00,0.017637863732099295,4.5397868702434395e-05,-0.008191910662605578,0.0039033293900099116,0.0,-0.0
2025-12-02 17:30:00,0.01049821382301395,4.5397868702434395e-05,-0.008208880349329043,0.003913111687396171,0.0,-0.0
2025-12-02 17:45:00,0.008603680283471684,4.5397868702434395e-05,-0.008189757649882234,0.003902087454339442,0.0,-0.0
2025-12-02 18:00:00,0.00914600424245617,4.5397868702434395e-05,-0.008145599389980877,0.003876574659298599,0.0,-0.0
2025-12-02 18:15:00,0.005828383823472292,4.5397868702434395e-05,-0.008138123989753587,0.003872247973084507,0.0,-0.0
2025-12-02 18:30:00,0.00574063081562404,4.5397868702434395e-05,-0.007934561167597836,0.0037535540041411337,0.0,-0.0
2025-12-02 18:45:00,0.005731530077287256,4.5397868702434395e-05,-0.00783355946948592,0.003694021970544034,0.0,-0.0
2025-12-02 19:00:00,0.0042652885331899565,4.5397868702434395e-05,-0.007823789139304104,0.0036882401652688353,0.0,-0.0
2025-12-02 19:15:00,0.004697910537864828,4.5397868702434395e-05,-0.007795883995114718,0.0036717041080290935,0.0,-0.0
2025-12-02 19:30:00,0.024675379051794073,4.5397868702434395e-05,-0.007782342928028996,0.0036636678300350748,0.0,-0.0
2025-12-02 19:45:00,0.02402736546861257,4.5397868702434395e-05,-0.007807564926022636,0.003678630083546484,0.0,-0.0
2025-12-02 20:00:00,0.26224016709221143,4.5397868702434395e-05,-0.007768508205622058,0.003655449077040932,0.0,-0.0
2025-12-02 20:15:00,0.6448336653386244,0.9997126511358776,0.004077263067901213,0.0037046625748282792,0.0,0.0
2025-12-02 20:30:00,0.7729930352894101,0.9999546021312976,0.009738879261078687,0.0036982279490448762,0.0,0.0
2025-12-02 20:45:00,0.6685491576247348,0.9999546021312976,0.01112070228994275,0.0036984643713575223,0.0,0.0
2025-12-02 21:00:00,0.4905320578171226,0.9999546021312976,0.005764260818479074,0.0036975795138746393,0.0,0.0
2025-12-02 21:15:00,0.2531608320205604,0.9999546021312976,0.010848775963547348,0.003643158412207495,0.0,0.0
2025-12-02 21:30:00,0.18742005652895743,0.9999546021312976,0.010778990500282463,0.003628904217431178,0.0,0.0
2025-12-02 21:45:00,0.14036926557802,0.9999546021312976,0.005546575593571186,0.003626190362893699,0.0,0.0
2025-12-02 22:00:00,0.1383765984350291,4.5397868702434395e-05,-0.007788718258210275,0.0036674524133248317,0.0,-0.0
2025-12-02 22:15:00,0.05932248342940509,4.5397868702434395e-05,-0.007796347421192564,0.003671978999390584,0.0,-0.0
2025-12-02 22:30:00,0.057963843371837284,4.5397868702434395e-05,-0.007799402664673974,0.0036737910522570776,0.0,-0.0
2025-12-02 22:45:00,0.07135368929388546,4.5397868702434395e-05,-0.007784170173576874,0.003664752716448259,0.0,-0.0
2025-12-02 23:00:00,0.03842610718869317,4.5397868702434395e-05,-0.007801037827364823,0.0036747606953940162,0.0,-0.0
2025-12-02 23:15:00,0.04411372164230875,4.5397868702434395e-05,-0.007760059337949391,0.003650425797038299,0.0,-0.0
2025-12-02 23:30:00,0.05423996809247482,0.9928945809059413,0.002469883375288748,0.003656656156160675,0.0,0.0
2025-12-02 23:45:00,0.04440814422233478,0.9999546021312976,0.00559948835022802,0.0036436006374289333,0.0,0.0
2025-12-03 00:00:00,0.07400835921181838,0.9922581146357984,0.002426669012299948,0.0036342273151689147,0.0,0.0
2025-12-03 00:30:00,0.10970745301370707,0.9999546021312976,0.010933122562542195,0.0036603535124558055,0.0,0.0
2025-12-03 00:45:00,0.27240906828266737,0.9999546021312976,0.010912889722054704,0.0036562321099170634,0.0,0.0
2025-12-03 01:00:00,0.36632471640286846,0.9999546021312976,0.010884019821538894,0.003650347732630509,0.0,0.0
2025-12-03 01:15:00,0.2127323163236609,0.9999546021312976,0.010879355486532183,0.0036493966297730623,0.0,0.0
2025-12-03 01:30:00,0.21816408653876537,0.9999546021312976,0.010807635043065528,0.00363475810556904,0.0,0.0
2025-12-03 01:45:00,0.15320230939401303,0.9999546021312976,0.01079202497519329,0.0036315685071743996,0.0,0.0
2025-12-03 02:00:00,0.05168101891212065,4.5397868702434395e-05,-0.007913666363704394,0.0037412736333054235,0.0,-0.0
2025-12-03 02:15:00,0.04162535340158362,4.5397868702434395e-05,-0.0079125240729605,0.0037406017531555784,0.0,-0.0
2025-12-03 02:30:00,0.06555672522333107,0.9999546021312976,0.00598341545972669,0.0037688265005946854,0.0,0.0
2025-12-03 02:45:00,0.10061356003187222,0.9999546021312976,0.005889236207024571,0.003738284586432529,0.0,0.0
2025-12-03 03:00:00,0.07133625469826096,0.9999546021312976,0.010078600215154375,0.003741617018490947,0.0,0.0
2025-12-03 03:15:00,0.04851801843784416,0.9942280691382913,0.0025744799817660614,0.0037117129169145485,0.0,0.0
2025-12-03 03:30:00,0.057740129205124543,0.9999546021312976,0.007223052156189968,0.0036660212409538005,0.0,0.0
2025-12-03 03:45:00,0.025624848081850764,0.9999546021312976,0.010935413022372357,0.0036608199445926407,0.0,0.0
2025-12-03 04:00:00,0.050789281214176286,0.9999546021312976,0.006825941111509298,0.0036676889174562933,0.0,0.0
2025-12-03 04:15:00,0.06612241114595398,0.9999546021312976,0.006383175083362723,0.0036668889165819224,0.0,0.0
2025-12-03 04:30:00,0.02629450568846708,0.9840917587678505,0.0020624409260255093,0.00366803690157552,0.0,0.0
2025-12-03 04:45:00,0.025500319108019212,0.9649395602493814,0.0016574960226478671,0.003665318005381375,0.0,0.0
2025-12-03 05:00:00,0.01431568474857301,0.9932018447141586,0.0024921413085458605,0.0036629632401572075,0.0,0.0
2025-12-03 05:15:00,0.007377622287458725,0.9220249176016323,0.001235091464784187,0.003658813173538624,0.0,0.0
2025-12-03 05:30:00,0.027576623816146513,4.5397868702434395e-05,-0.006374886450372515,0.0036582579634759126,0.0,-0.0
2025-12-03 05:45:00,0.019595039731177658,0.9313844632276852,0.0013040765783319673,0.003661008369594623,0.0,0.0
2025-12-03 06:00:00,0.07029957719859056,4.5397868702434395e-05,-0.007790695587224581,0.0036686258568080334,0.0,-0.0
2025-12-03 06:15:00,0.04411819062853693,4.5397868702434395e-05,-0.00782056077977934,0.0036863288136063403,0.0,-0.0
2025-12-03 06:30:00,0.07144521960889984,4.5397868702434395e-05,-0.005347231594286945,0.0037567439732252776,0.0,-0.0
2025-12-03 06:45:00,0.0382418767659847,4.5397868702434395e-05,-0.007939670893211308,0.0037565543247189245,0.0,-0.0
2025-12-03 07:00:00,0.03955443013595036,0.25000438510350226,-0.0005492944507930848,0.0037677723849738006,0.0,-0.0
2025-12-03 07:15:00,0.02410242075677914,0.00011084444443551077,-0.004553635945213564,0.0037615972935786247,0.0,-0.0
2025-12-03 07:30:00,0.01461972806633081,0.00018322534317325606,-0.004302305268531127,0.0037628368692135257,0.0,-0.0
2025-12-03 07:45:00,0.014431068360180103,0.6726101051654739,0.0003600070118292009,0.0037634266774664317,0.0,0.0
2025-12-03 08:00:00,0.02501189993722232,0.7848318888269729,0.0006470249527307332,0.0037340699744805935,0.0,0.0
2025-12-03 08:15:00,0.07746044317055865,0.9999546021312976,0.005141721437679204,0.003738405924546101,0.0,0.0
2025-12-03 08:30:00,0.06838203497551015,0.9999378506569702,0.004842954079753409,0.0037368226654861973,0.0,0.0
2025-12-03 08:45:00,0.07653945098904331,0.9358952750033759,0.0013404927552159774,0.0037373091455213687,0.0,0.0
2025-12-03 09:00:00,0.22515468032095468,0.37128639707324523,-0.00026335105359160467,0.0037372689891365706,0.0,-0.0
2025-12-03 09:15:00,0.23790679940778478,0.9999546021312976,0.005909023650452248,0.0037447109774521458,0.0,0.0
2025-12-03 09:30:00,0.17196498600625743,0.36429697902188596,-0.0002783810473570155,0.0037213955158895045,0.0,-0.0
2025-12-03 09:45:00,0.1640525768044305,9.32571306865647e-05,-0.004640028386197942,0.0037251490486663397,0.0,-0.0
2025-12-03 10:00:00,0.16003874341850194,9.406654786589067e-05,-0.004635706999592203,0.0037175580158902003,0.0,-0.0
2025-12-03 10:15:00,0.3392808337075186,4.5397868702434395e-05,-0.007880383813881184,0.0037216747220011033,0.0,-0.0
2025-12-03 10:30:00,0.2376555826170902,0.38713706287725985,-0.00022968125968298,0.0037727175219435306,0.0,-0.0
2025-12-03 10:45:00,0.272595669744325,0.38165354102611565,-0.0002412678385974355,0.0037605360445360394,0.0,-0.0
2025-12-03 11:00:00,0.21113636965955723,0.38008747240341223,-0.0002445884833990983,0.003757041584201007,0.0,-0.0
2025-12-03 11:15:00,0.4778460602691885,4.5397868702434395e-05,-0.007959318260599988,0.0037680806689009104,0.0,-0.0
2025-12-03 11:30:00,0.4688087578996411,4.5397868702434395e-05,-0.007946410974103658,0.0037605102839626324,0.0,-0.0
2025-12-03 11:45:00,0.36410617631673226,4.5397868702434395e-05,-0.007946800080075452,0.0037607386041580352,0.0,-0.0
2025-12-03 12:00:00,0.5547021750274066,4.5397868702434395e-05,-0.00794812392958051,0.003761515367221373,0.0,-0.0
2025-12-03 12:15:00,0.36259551232625864,4.5397868702434395e-05,-0.007939086811031787,0.003756211419596196,0.0,-0.0
2025-12-03 12:30:00,0.25993584579754836,4.5397868702434395e-05,-0.007932725928793205,0.0037524761246470616,0.0,-0.0
2025-12-03 12:45:00,0.29530034692209933,4.5397868702434395e-05,-0.007927262438694375,0.003749266450961813,0.0,-0.0
2025-12-03 13:00:00,0.1938244876498095,4.5397868702434395e-05,-0.007926487345109102,0.0037488110000623107,0.0,-0.0
2025-12-03 13:15:00,0.10918474838468431,4.5397868702434395e-05,-0.007915701334777194,0.0037424704400786583,0.0,-0.0
2025-12-03 13:30:00,0.24641161027268463,4.5397868702434395e-05,-0.007918548659354763,0.0037441447157131485,0.0,-0.0
2025-12-03 13:45:00,0.1796571790220074,4.5397868702434395e-05,-0.007926117575367767,0.0037485937116619465,0.0,-0.0
2025-12-03 14:15:00,0.481424733034355,0.9987055286179917,0.0033241787782270983,0.004088003024084417,0.0,0.0
2025-12-03 14:30:00,0.6405237985505107,4.5397868702434395e-05,-0.009081102842452112,0.004401413740067192,0.0,-0.0
2025-12-03 14:45:00,0.8997335180382693,0.9958371270591021,0.002738689135229745,0.004784911236823465,0.0,0.0
2025-12-03 15:00:00,0.9392851681384242,0.9999546021312976,0.007751001047057235,0.004322410610308977,0.0,0.0
2025-12-03 15:15:00,0.8774184535194838,0.9999546021312976,0.007763873406427704,0.004326314431017333,0.0,0.0
2025-12-03 15:30:00,0.8321146358411644,0.3707453652354133,-0.0002645102598184434,0.004118947768446356,0.0,-0.0
2025-12-03 15:45:00,0.8199288541999221,0.3687189272458284,-0.00026885828226782805,0.004113967281565077,0.0,-0.0
2025-12-03 16:00:00,0.8457544298447217,0.9999546021312976,0.010302073047283903,0.004140383534169308,0.0,0.0
2025-12-03 16:15:00,0.8705140171262059,0.9999546021312976,0.010209643712464776,0.004118495046925927,0.0,0.0
2025-12-03 16:30:00,0.8922010578219789,0.04136967130546468,-0.0015714787447759495,0.004158493604823423,0.0,-0.0
2025-12-03 16:45:00,0.855859822120335,0.9999546021312976,0.010555200845838855,0.004200044990209558,0.0,0.0
2025-12-03 17:00:00,0.8960373917233853,0.9999546021312976,0.007493442961393593,0.004243933429221205,0.0,0.0
2025-12-03 17:15:00,0.9378883209093652,0.9999546021312976,0.010284346288690663,0.004136189912981117,0.0,0.0
2025-12-03 17:30:00,0.9185159122959204,0.0006845701982426693,-0.0036430172799136592,0.00417527510829141,0.0,-0.0
2025-12-03 17:45:00,0.9734006845074328,0.042185034854634575,-0.0015612945392177698,0.004180975517602743,1.0,-0.0015612945392177698
2025-12-03 18:00:00,0.969677714080835,4.5397868702434395e-05,-0.008684971985608808,0.0041830572736619494,0.0,-0.0
2025-12-03 18:15:00,0.9733829396472377,4.5397868702434395e-05,-0.008687234523802573,0.004184320061912712,1.0,-0.008687234523802573
2025-12-03 18:30:00,0.8691543269308075,4.5397868702434395e-05,-0.008688916846396645,0.004185258895709089,0.0,-0.0
2025-12-03 18:45:00,0.848636891686667,0.9999546021312976,0.010795075716863282,0.0042562067933176,0.0,0.0
2025-12-03 19:00:00,0.8696864406883911,0.9999546021312976,0.01078142962167419,0.004253021527279682,0.0,0.0
2025-12-03 19:15:00,0.8759146693874958,0.4284190095921258,-0.00014415223882002415,0.004255686028976885,0.0,-0.0
2025-12-03 19:30:00,0.7300397345995802,0.9999546021312976,0.01079773466448171,0.00425682730862101,0.0,0.0
2025-12-03 19:45:00,0.7290006443912386,0.9999546021312976,0.00752474903131925,0.004253509941716299,0.0,0.0
2025-12-03 20:00:00,0.5316616697351327,0.9999546021312976,0.013846043758906731,0.004233392807607282,0.0,0.0
2025-12-03 20:15:00,0.6327482007509436,0.9999546021312976,0.013499400958868485,0.004167190899609141,0.0,0.0
2025-12-03 20:30:00,0.48895279721836443,0.9999546021312976,0.013488983941680738,0.00416519360985765,0.0,0.0
2025-12-03 20:45:00,0.4759824280231863,0.9999546021312976,0.007250968232096385,0.004169401445755391,0.0,0.0
2025-12-03 21:00:00,0.4008815672354258,0.9999546021312976,0.013554170374763396,0.00417768444446737,0.0,0.0
2025-12-03 21:15:00,0.5551735109305512,0.9999546021312976,0.013555259966453992,0.004177893075737359,0.0,0.0
2025-12-03 21:30:00,0.48213033053292537,0.9999546021312976,0.013549531364747345,0.004176796126509268,0.0,0.0
2025-12-03 21:45:00,0.8091654603607343,0.9991668731854851,0.003544745607506848,0.004195888179539547,0.0,0.0
2025-12-03 22:00:00,0.8256546241126155,0.9999546021312976,0.0072106406433192684,0.0041569431571195,0.0,0.0
2025-12-03 22:15:00,0.6979618929419877,0.9999546021312976,0.013453600190572295,0.004158405916028683,0.0,0.0
2025-12-03 22:30:00,0.8222894552921911,0.9999546021312976,0.013457862639133164,0.004159223867520384,0.0,0.0
2025-12-03 22:45:00,0.6928767027584664,0.999711128940858,0.00407462060937991,0.004207489855537427,0.0,0.0
2025-12-03 23:00:00,0.5905310559600995,0.3419941790741441,-0.00032721003050567403,0.004199800447929016,0.0,-0.0
2025-12-03 23:15:00,0.2462324836006501,0.9993789661765438,0.003691751892327942,0.004219175397052055,0.0,0.0
2025-12-03 23:30:00,0.2552228154902211,0.9930530441225542,0.0024812402601436688,0.0042114359657442315,0.0,0.0
2025-12-03 23:45:00,0.21436273895639157,0.9891713475217382,0.0022573359707796577,0.004207841666242973,0.0,0.0
2025-12-04 00:00:00,0.19632680103975786,0.9999546021312976,0.0058481281640778305,0.004234019027701575,0.0,0.0
2025-12-04 00:15:00,0.2945168610770462,0.9871013305181933,0.0021688242671130445,0.004224516676443064,0.0,0.0
2025-12-04 00:30:00,0.4290303292919104,5.181200912972235e-05,-0.0049339183928681085,0.004225884675458296,0.0,-0.0
2025-12-04 00:45:00,0.3802979630939271,5.182731929280309e-05,-0.0049337706597938616,0.004225640199998574,0.0,-0.0
2025-12-04 01:00:00,0.31583273708717846,4.5397868702434395e-05,-0.009040591976271632,0.004379330257962418,0.0,-0.0
2025-12-04 01:15:00,0.3306899823078615,4.5397868702434395e-05,-0.009219228548943999,0.004476300193619258,0.0,-0.0
2025-12-04 01:30:00,0.2856986578380684,4.5397868702434395e-05,-0.009226107600475437,0.004480013390084995,0.0,-0.0
2025-12-04 01:45:00,0.17951273785749358,4.5397868702434395e-05,-0.009287708591693592,0.004513196237807994,0.0,-0.0
2025-12-04 02:00:00,0.2609929709491735,4.5397868702434395e-05,-0.009123885631656165,0.004424676246518125,0.0,-0.0
2025-12-04 02:15:00,0.3559065758455639,4.5397868702434395e-05,-0.009118941379623616,0.004421990989411665,0.0,-0.0
2025-12-04 02:30:00,0.3842135109165371,4.5397868702434395e-05,-0.009086525664378725,0.004404365689781564,0.0,-0.0
2025-12-04 02:45:00,0.32802971259171415,4.5397868702434395e-05,-0.00908793270579994,0.004405131462033753,0.0,-0.0
2025-12-04 03:00:00,0.4276255951675181,4.5397868702434395e-05,-0.009088236593279926,0.0044052968419601895,0.0,-0.0
2025-12-04 03:15:00,0.41352615616268673,4.5397868702434395e-05,-0.009086044430012364,0.004404103766264292,0.0,-0.0
2025-12-04 03:30:00,0.4651246500552301,4.5397868702434395e-05,-0.009099193363218086,0.004411257618525509,0.0,-0.0
2025-12-04 03:45:00,0.492258548942998,4.5397868702434395e-05,-0.009092767354493918,0.004407762182262375,0.0,-0.0
2025-12-04 04:00:00,0.5065694608710537,4.5397868702434395e-05,-0.00907924185993867,0.004400400475530623,0.0,-0.0
2025-12-04 04:15:00,0.3914392256009451,4.5397868702434395e-05,-0.009082816540176918,0.004402346709011945,0.0,-0.0
2025-12-04 04:30:00,0.5857981077696733,4.5397868702434395e-05,-0.0066885899385055615,0.004413464839069402,0.0,-0.0
2025-12-04 04:45:00,0.5302229635359395,4.5397868702434395e-05,-0.006354140382823006,0.004419819186205307,0.0,-0.0
2025-12-04 05:00:00,0.6470785793508241,4.5397868702434395e-05,-0.006097470999916437,0.004422863198874642,0.0,-0.0
2025-12-04 05:15:00,0.679056115034576,4.5397868702434395e-05,-0.006800032712696722,0.004423346754022023,0.0,-0.0
2025-12-04 05:30:00,0.8618146319273434,0.010348628765271926,-0.002280249353177051,0.0044391415217540035,0.8542375860638114,-0.0019478747030815312
2025-12-04 05:45:00,0.6395951486386031,4.5397868702434395e-05,-0.006404217416035586,0.004438749326044697,0.0,-0.0
2025-12-04 06:00:00,0.4853353853255261,0.0007920348991408137,-0.0035700563769122144,0.004426765421313719,0.0,-0.0
2025-12-04 06:15:00,0.2700791487933706,4.5397868702434395e-05,-0.008560233775634713,0.004436216732467326,0.0,-0.0
2025-12-04 06:30:00,0.2147159238872997,4.5397868702434395e-05,-0.009041896316954262,0.004380042144102277,0.0,-0.0
2025-12-04 06:45:00,0.14898077310269794,4.5397868702434395e-05,-0.009044243159756719,0.0043813228654964245,0.0,-0.0
2025-12-04 07:00:00,0.32602764124022243,4.5397868702434395e-05,-0.007670609784166676,0.004400976790162804,0.0,-0.0
2025-12-04 07:15:00,0.19025127720932222,4.5397868702434395e-05,-0.007858921623795583,0.004404409602633628,0.0,-0.0
2025-12-04 07:30:00,0.13378458215280975,4.5397868702434395e-05,-0.008486738797623431,0.004404065317924594,0.0,-0.0
2025-12-04 07:45:00,0.12192744106383281,4.5397868702434395e-05,-0.00910220858488443,0.0044128972789254034,0.0,-0.0
2025-12-04 08:15:00,0.28451287993736835,4.5397868702434395e-05,-0.007294132416342833,0.004415798902438766,0.0,-0.0
2025-12-04 08:45:00,0.31295120930005205,4.5397868702434395e-05,-0.0073213954570858115,0.004428230521438102,0.0,-0.0
2025-12-04 09:15:00,0.3550826472771188,4.5397868702434395e-05,-0.009129250441008409,0.00442758899551688,0.0,-0.0
2025-12-04 09:30:00,0.5059181506681592,4.5397868702434395e-05,-0.009156373732569893,0.004442300655400037,0.0,-0.0
2025-12-04 09:45:00,0.42947202755107367,4.5397868702434395e-05,-0.00916520384299523,0.004447084871874004,0.0,-0.0
2025-12-04 10:15:00,0.3837662308055437,4.5397868702434395e-05,-0.009148869423899492,0.004438232750388292,0.0,-0.0
2025-12-04 10:45:00,0.4350850298682364,4.5397868702434395e-05,-0.009092034700818437,0.004407363566986942,0.0,-0.0
2025-12-04 11:15:00,0.4094066293350611,4.5397868702434395e-05,-0.009058396279111917,0.004389042599302639,0.0,-0.0
2025-12-04 12:00:00,0.39814781594137894,4.5397868702434395e-05,-0.007784295124495387,0.004402360873974342,0.0,-0.0
2025-12-04 15:30:00,0.8312044325685899,4.5397868702434395e-05,-0.008090390705678142,0.0038445674075600197,0.0,-0.0
2025-12-04 15:45:00,0.7317690262486013,4.5397868702434395e-05,-0.008101854661358479,0.0038512237548553527,0.0,-0.0
2025-12-04 16:00:00,0.7523491673932299,8.256418047754243e-05,-0.004700926027147364,0.003831385836649865,0.0,-0.0
2025-12-04 16:15:00,0.860356691484576,4.5397868702434395e-05,-0.008062176922329262,0.0038281628508529198,0.848749557586741,-0.006842769096012995
2025-12-05 01:45:00,0.5951049057945967,4.5397868702434395e-05,-0.005174517668087274,0.0037948394132255375,0.007852670357608341,-4.063378150710957e-05
2025-12-05 02:15:00,0.5791943304027587,4.5397868702434395e-05,-0.006940266405465253,0.003797581040966642,0.0,-0.0
2025-12-05 02:30:00,0.6014414186688173,4.5397868702434395e-05,-0.006947716768379784,0.0038031126840977845,0.01977667998479639,-0.00013740277115325072
2025-12-05 02:45:00,0.48454999691267864,4.5397868702434395e-05,-0.006952530364892558,0.0038066846536531107,0.0,-0.0
2025-12-05 03:00:00,0.41854288237106996,4.5397868702434395e-05,-0.006951691322664829,0.0038060621461530487,0.0,-0.0
2025-12-05 03:30:00,0.3810035915480556,5.4368409010650834e-05,-0.004909836459806294,0.0038106932431488843,0.0,-0.0
2025-12-05 04:00:00,0.38325991415957367,4.5397868702434395e-05,-0.006968038061855565,0.003818181814433559,0.0,-0.0
2025-12-05 06:45:00,0.41390565519866956,4.5397868702434395e-05,-0.006955945487125775,0.0038092179403041828,0.0,-0.0
2025-12-05 07:15:00,0.47638826681035373,4.5397868702434395e-05,-0.006918013167202978,0.0037810367090189245,0.0,-0.0
2025-12-05 07:45:00,0.4845966988624339,4.5397868702434395e-05,-0.006911929833213518,0.0037765082403511344,0.0,-0.0
2025-12-06 14:15:00,0.7093302440993263,0.0003950913791347668,-0.003917999155394021,0.0035516488300035595,0.31873965346111166,-0.0012488216930512184
2025-12-06 14:30:00,0.4931628496809653,4.5397868702434395e-05,-0.0066223469265788955,0.0035579904134452897,0.0,-0.0
2025-12-06 14:45:00,0.4504485431640523,4.5397868702434395e-05,-0.006606907474984995,0.003546172836260553,0.0,-0.0
2025-12-06 15:00:00,0.46699777171666546,4.5397868702434395e-05,-0.007206732428032741,0.003314399692763978,0.0,-0.0
2025-12-06 15:30:00,0.5896383234428696,0.0005946553098423902,-0.0037134668996430154,0.00336221471427177,0.0,-0.0
2025-12-06 16:00:00,0.5466317812145916,5.4992009818692285e-05,-0.004904133832893614,0.0029239892009879044,0.0,-0.0
2025-12-06 16:15:00,0.37764962957925285,4.5397868702434395e-05,-0.005830334878201102,0.0029274916305897384,0.0,-0.0
2025-12-06 16:30:00,0.4314404042436762,4.5397868702434395e-05,-0.005333677778690894,0.0025031365664973924,0.0,-0.0
2025-12-06 16:45:00,0.4092995300648309,4.5397868702434395e-05,-0.005285424683372785,0.0024605253929760374,0.0,-0.0
2025-12-06 17:00:00,0.5205624877032023,4.5397868702434395e-05,-0.005197641167750141,0.0023823273810087173,0.0,-0.0
2025-12-06 17:15:00,0.3996576074195116,4.5397868702434395e-05,-0.005216018961132837,0.00239877198364733,0.0,-0.0
2025-12-06 17:45:00,0.35623054312616864,4.5397868702434395e-05,-0.005186944099318062,0.002372737386272108,0.0,-0.0
2025-12-06 18:00:00,0.31863729909371774,4.5397868702434395e-05,-0.0051029606121900046,0.0022969741428743155,0.0,-0.0
2025-12-06 18:30:00,0.26642454435124374,5.681706868724249e-05,-0.0048878084768199225,0.002098901656722298,0.0,-0.0
2025-12-06 22:15:00,0.2865298695862999,9.56511005206817e-05,-0.00462735385038192,0.0018508371084788237,0.0,-0.0
2025-12-07 01:00:00,0.21579427188462544,0.005591614013681115,-0.002590439997779597,0.0016930208113821537,0.0,-0.0
2025-12-07 01:30:00,0.19831048890212236,0.0010393519946557703,-0.003434058974795714,0.0016830701199653762,0.0,-0.0
2025-12-07 02:45:00,0.24423812569618059,0.0001303108603004958,-0.004472728704762376,0.0016988584130008992,0.0,-0.0
2025-12-07 03:15:00,0.1974962869300011,0.00015427472056836483,-0.004388310679196698,0.0016142861004942819,0.0,-0.0
2025-12-07 03:30:00,0.9982201654552426,0.00015569849302473512,-0.004383716723633312,0.001609650053193233,1.0,-0.004383716723633312
2025-12-07 03:45:00,0.9701795135298316,0.00015572064745067912,-0.004383645572334966,0.0016095782222231088,0.0,-0.0
2025-12-07 04:00:00,0.9712754247834885,0.00015771298668495042,-0.004377287995695414,0.0016031564912601325,0.0,-0.0
2025-12-07 05:00:00,0.9774940008684295,0.00015563450449316657,-0.004383922286472463,0.001609857574908936,0.0,-0.0
2025-12-07 06:30:00,0.9648929951713702,0.00015595590712680333,-0.004382890634610182,0.0016088160207734577,0.0,-0.0
2025-12-07 12:45:00,0.9968483722948094,0.00015254819276459502,-0.004393938716941052,0.001619960902552294,1.0,-0.004393938716941052
2025-12-07 16:45:00,0.9479849899256491,0.3261658195544067,-0.00036278907828866345,0.004005659653281061,0.0,-0.0
2025-12-07 17:00:00,0.9697744211326711,0.9999546021312976,0.009735922119153122,0.004005425334578977,0.0,0.0
2025-12-07 17:15:00,0.9859415622166154,0.995955225943855,0.0027531383056591404,0.004548272503382989,0.0,0.0
2025-12-07 17:30:00,0.8828000379952974,0.22926122502220925,-0.0006062437144234683,0.0045436486767250275,0.0,-0.0
2025-12-07 17:45:00,0.6847078361166531,0.034530667686397835,-0.0016653832451031878,0.004541779629861257,0.0,-0.0
2025-12-07 18:00:00,0.7386630227677767,4.5397868702434395e-05,-0.005565537911990395,0.004556087137622701,0.0,-0.0
2025-12-07 18:15:00,0.7209543735233097,4.5397868702434395e-05,-0.007427378431739516,0.004592719430405146,0.0,-0.0
2025-12-07 18:30:00,0.764154789825303,4.5397868702434395e-05,-0.006715658091163965,0.004601804964300698,0.0,-0.0
2025-12-07 18:45:00,0.7029805841096994,4.5397868702434395e-05,-0.006513548546186713,0.0046016204533790685,0.0,-0.0
2025-12-07 19:00:00,0.7298728973166532,4.5397868702434395e-05,-0.00606327241354795,0.0045893952331622235,0.0,-0.0
2025-12-07 19:15:00,0.6511001908546218,4.5397868702434395e-05,-0.005814857435736205,0.0045904381735907065,0.0,-0.0
2025-12-07 19:30:00,0.7483046995202602,4.5397868702434395e-05,-0.006896653121222926,0.004596054355127239,0.0,-0.0
2025-12-07 19:45:00,0.6906157140606536,4.5397868702434395e-05,-0.007610194371844714,0.004596520741223365,0.0,-0.0
2025-12-07 20:00:00,0.6782089266553105,4.5397868702434395e-05,-0.008479034420923782,0.0045960869895143915,0.0,-0.0
2025-12-07 20:15:00,0.6826244029450215,4.5397868702434395e-05,-0.00944928395461804,0.004599656509748754,0.0,-0.0
2025-12-07 20:30:00,0.6419628574129639,4.5397868702434395e-05,-0.009449473904433483,0.004599757668926135,0.0,-0.0
2025-12-07 20:45:00,0.5992410323011002,4.5397868702434395e-05,-0.009450808973864239,0.004600468638218556,0.0,-0.0
2025-12-07 21:00:00,0.42860838791980715,4.5397868702434395e-05,-0.009476578156685303,0.004614180703344027,0.0,-0.0
2025-12-07 21:30:00,0.7403146522744634,4.5397868702434395e-05,-0.009550190865558049,0.004653237439898788,0.0,-0.0
2025-12-08 01:15:00,0.04959303598226247,0.9991240319079389,0.0035196522701513447,0.005148352786053563,0.0,0.0
2025-12-08 01:30:00,0.04264431260101778,0.003579713199278156,-0.0028144432290039163,0.00516345315245293,0.0,-0.0
2025-12-08 02:00:00,0.061904904620789285,0.9999546021312976,0.008782606298384302,0.005199348415845232,0.0,0.0
2025-12-08 02:30:00,0.13239341066411137,0.9999546021312976,0.008665629068241212,0.005198872266834659,0.0,0.0
2025-12-08 03:00:00,0.10947710420933116,0.9999546021312976,0.008485221756733205,0.005207545804226172,0.0,0.0
2025-12-08 03:30:00,0.12347909387052584,0.9999546021312976,0.006743333794176579,0.005232442338264775,0.0,0.0
2025-12-08 04:00:00,0.6366906833003494,0.9997974787463848,0.004252231589518487,0.005235566165436225,0.0,0.0
2025-12-08 04:30:00,0.679823231946599,0.6800253179745617,0.0003769440778996795,0.005234738078541631,0.0,0.0
2025-12-08 04:45:00,0.5745132569562842,0.9131284817268603,0.0011762231849133972,0.005235453080992124,0.0,0.0
2025-12-08 05:00:00,0.6741708314840363,0.09295745219275138,-0.0011390237371670083,0.00523638683806322,0.0,-0.0
2025-12-08 05:15:00,0.46488409513275547,0.007427954781459978,-0.002447524521837597,0.005239259373057619,0.0,-0.0
2025-12-08 05:30:00,0.567886954247368,0.002020619462689023,-0.0031011642431075636,0.005239141335071911,0.0,-0.0
2025-12-08 05:45:00,0.66796630862034,0.013577031464610773,-0.0021428528673421354,0.005238846864479531,0.0,-0.0
2025-12-08 06:00:00,0.7529578339824772,0.8525159008327282,0.0008772357466369581,0.005240772745941197,0.46281132387604534,0.00040599463725244164
2025-12-08 06:15:00,0.5827557890513744,0.9960079264086042,0.0027597222113984023,0.005242409638555798,0.0,0.0
2025-12-08 06:30:00,0.6417209176081421,0.00013738645693528795,-0.0044462876769198415,0.005252763035242626,0.0,-0.0
2025-12-08 06:45:00,0.62691026099754,0.2129008665170193,-0.0006537637811462698,0.005255751828663889,0.0,-0.0
2025-12-08 07:00:00,0.5547857156799287,0.5871469420180344,0.00017609168888910458,0.005243866599287778,0.0,0.0
2025-12-08 07:15:00,0.5370023806768655,0.07737110346782279,-0.0012393068603571429,0.00524689756648324,0.0,-0.0
2025-12-08 07:30:00,0.5725204929018006,0.40103009538203466,-0.00020058743941346233,0.00524321857180501,0.0,-0.0
2025-12-08 07:45:00,0.7097423283767481,0.5431652747836507,8.65459865975794e-05,0.005241993152600682,0.3200569632237757,2.769964564962685e-05
2025-12-08 08:00:00,0.5513126226769441,0.5906645834330736,0.000183356703106306,0.005234616805261158,0.0,0.0
2025-12-08 08:15:00,0.32869409342646255,0.34399490475510214,-0.00032277085527512915,0.005232832601738144,0.0,-0.0
2025-12-08 08:30:00,0.4633143206405063,0.009425891063973789,-0.0023274122058006275,0.005229837324745501,0.0,-0.0
2025-12-08 08:45:00,0.5451748340033197,4.5397868702434395e-05,-0.005661926370131292,0.00522924571406046,0.0,-0.0
2025-12-08 09:00:00,0.5161551453439951,4.5397868702434395e-05,-0.00855069690360919,0.005271097025902729,0.0,-0.0
2025-12-08 09:15:00,0.5133407978237956,4.5397868702434395e-05,-0.007872498946222219,0.0052700732954291275,0.0,-0.0
2025-12-08 09:30:00,0.39180122207380846,4.5397868702434395e-05,-0.00781370409184002,0.00526927621295983,0.0,-0.0
2025-12-08 09:45:00,0.45105484240780586,4.5397868702434395e-05,-0.0077975241553927335,0.005269634476848069,0.0,-0.0
2025-12-08 10:00:00,0.46239512059133514,4.5397868702434395e-05,-0.007830601298052556,0.005265154601517264,0.0,-0.0
2025-12-08 10:15:00,0.3985170590732083,4.5397868702434395e-05,-0.008938806323054698,0.0052623899337382795,0.0,-0.0
2025-12-08 10:30:00,0.327698811607291,4.5397868702434395e-05,-0.009242709169148308,0.005259281751582699,0.0,-0.0
2025-12-08 10:45:00,0.30604210327305575,4.5397868702434395e-05,-0.009478669581810777,0.005257339917456328,0.0,-0.0
2025-12-08 11:00:00,0.29418078229875183,4.5397868702434395e-05,-0.009433849601717793,0.005257354857419861,0.0,-0.0
2025-12-08 11:15:00,0.2944303255160385,4.5397868702434395e-05,-0.010473677540035009,0.005254221493793915,0.0,-0.0
2025-12-08 11:30:00,0.4148186032694228,4.5397868702434395e-05,-0.008894850483362108,0.005279353037394214,0.0,-0.0
2025-12-08 11:45:00,0.21523411950623114,4.5397868702434395e-05,-0.007721297007949195,0.005277667430293277,0.0,-0.0
2025-12-08 12:00:00,0.2352184891155253,4.5397868702434395e-05,-0.0076829194132647174,0.005275753895381228,0.0,-0.0
2025-12-08 12:15:00,0.18677609160780237,4.5397868702434395e-05,-0.00707792344728469,0.005275774118971262,0.0,-0.0
2025-12-08 12:45:00,0.3206118465675226,4.5397868702434395e-05,-0.006234584525172908,0.005299229981456661,0.0,-0.0
2025-12-08 13:00:00,0.35098584878213623,4.5397868702434395e-05,-0.00783240030491214,0.005307894052634771,0.0,-0.0
2025-12-08 13:15:00,0.2712576721725752,4.5397868702434395e-05,-0.005866116761210431,0.00528919349684807,0.0,-0.0
2025-12-08 13:30:00,0.23778025551825838,4.5397868702434395e-05,-0.009700778300564572,0.005293287881629578,0.0,-0.0
2025-12-08 13:45:00,0.20678638587023554,4.5397868702434395e-05,-0.010809331567806767,0.005297172725139326,0.0,-0.0
2025-12-08 14:00:00,0.2480693944276402,4.5397868702434395e-05,-0.010804523957012964,0.005294794744741552,0.0,-0.0
2025-12-08 14:15:00,0.31736086626651977,4.5397868702434395e-05,-0.00907509694829204,0.004398143245605354,0.0,-0.0
2025-12-08 14:30:00,0.5052886097853038,4.5397868702434395e-05,-0.009160212940613068,0.004444381080681811,0.0,-0.0
2025-12-08 20:45:00,0.3932534969669056,4.5397868702434395e-05,-0.006865293474858872,0.003741709015821954,0.0,-0.0
2025-12-08 21:30:00,0.5469189542855658,4.5397868702434395e-05,-0.006818811288144681,0.003706877653774843,0.0,-0.0
2025-12-08 21:45:00,0.41355057749244695,4.5397868702434395e-05,-0.00672411701541308,0.0036354561659982113,0.0,-0.0
2025-12-08 22:45:00,0.44920142169360894,4.5397868702434395e-05,-0.007200853265805722,0.00331075156604617,0.0,-0.0
2025-12-09 00:15:00,0.6665544832339017,4.5397868702434395e-05,-0.0061350717061293015,0.0031762318662780474,0.18749055925652539,-0.001150268025261068
2025-12-09 04:00:00,0.46097735482518576,4.5397868702434395e-05,-0.0059019008590306,0.0029866515872274606,0.0,-0.0
2025-12-09 07:30:00,0.32549435190188647,4.5397868702434395e-05,-0.005997388116287158,0.0030648637416907684,0.0,-0.0
2025-12-09 08:00:00,0.31249410982240455,4.5397868702434395e-05,-0.005995491398454599,0.003063318062764494,0.0,-0.0
2025-12-09 09:00:00,0.36326272244356916,4.5397868702434395e-05,-0.005875273385186049,0.00296469492438324,0.0,-0.0
2025-12-09 12:15:00,0.43075042787747925,4.5397868702434395e-05,-0.005944976543658484,0.0030220351691670243,0.0,-0.0
2025-12-09 12:30:00,0.32727064030804287,4.5397868702434395e-05,-0.005901327975307627,0.0029861798745180494,0.0,-0.0
2025-12-09 12:45:00,0.3919473038590006,4.5397868702434395e-05,-0.00589653532725738,0.0029822324378754672,0.0,-0.0
2025-12-09 13:00:00,0.27201401897834826,4.5397868702434395e-05,-0.005862996407581773,0.002954549650724809,0.0,-0.0
2025-12-09 13:15:00,0.2780349992822654,4.5397868702434395e-05,-0.0058651192961807425,0.00295630492283246,0.0,-0.0
2025-12-09 15:00:00,0.5985075244567946,0.9998637363530944,0.004450391347865002,0.0026228127020355737,0.014035235058520532,6.246228866969133e-05
2025-12-09 15:15:00,0.36767034336695126,0.06681546201070615,-0.0013183342251093307,0.0028130221724581186,0.0,-0.0
2025-12-09 15:30:00,0.49179546080941156,0.9995185434341669,0.0038191064821227615,0.003328305602213295,0.0,0.0
2025-12-09 15:45:00,0.5761615988619592,0.9999546021312976,0.010736461128688672,0.0034638086171295225,0.0,0.0
2025-12-09 16:00:00,0.41018454076860306,0.7574592282417328,0.0005693999423122969,0.0037406280095963855,0.0,0.0
2025-12-09 16:15:00,0.23640443663649208,0.9999546021312976,0.01189213077704207,0.003688514735506421,0.0,0.0
2025-12-09 16:30:00,0.45860344639675826,0.0013076195645971185,-0.0033191192228812076,0.004049279480542366,0.0,-0.0
2025-12-09 16:45:00,0.500862435341732,4.5397868702434395e-05,-0.00812489364748984,0.004037633599716671,0.0,-0.0
2025-12-09 17:00:00,0.44446232238381433,4.5397868702434395e-05,-0.008209005672095053,0.0040880460423438885,0.0,-0.0
2025-12-09 17:15:00,0.44268508224931646,4.5397868702434395e-05,-0.008298623845649273,0.004141434252611838,0.0,-0.0
2025-12-09 17:30:00,0.31294592757790773,4.5397868702434395e-05,-0.00829680092116618,0.004140351576623114,0.0,-0.0
2025-12-09 17:45:00,0.32205923285195615,4.5397868702434395e-05,-0.008266071019522342,0.00412207988491461,0.0,-0.0
2025-12-09 18:00:00,0.3706990141209672,4.5397868702434395e-05,-0.008265378956578733,0.004121667944347759,0.0,-0.0
2025-12-09 18:15:00,0.339561119391105,4.5397868702434395e-05,-0.00824631329952134,0.004110311616718188,0.0,-0.0
2025-12-09 18:30:00,0.2867657791334686,4.5397868702434395e-05,-0.00826628680244588,0.004122208322578825,0.0,-0.0
2025-12-09 18:45:00,0.27306862582553565,4.5397868702434395e-05,-0.008072830389932246,0.004006279503331106,0.0,-0.0
2025-12-09 19:00:00,0.27854259241402857,4.5397868702434395e-05,-0.008084052801986765,0.004013047771119994,0.0,-0.0
2025-12-09 19:15:00,0.26984255266751916,4.5397868702434395e-05,-0.008072287593994427,0.004005952004739717,0.0,-0.0
2025-12-09 19:30:00,0.25276822902579194,4.5397868702434395e-05,-0.008156016411852204,0.004056321690048009,0.0,-0.0
2025-12-09 19:45:00,0.1389775832079883,4.5397868702434395e-05,-0.00815696042581381,0.004056887896932811,0.0,-0.0
2025-12-09 20:00:00,0.1729890136656203,4.5397868702434395e-05,-0.008152075614190913,0.004053957646861967,0.0,-0.0
2025-12-09 20:15:00,0.25222809806676066,4.5397868702434395e-05,-0.00835691094016054,0.004175980887365675,0.0,-0.0
2025-12-09 20:30:00,0.24360791063101278,4.5397868702434395e-05,-0.00835752124256527,0.004176341882946799,0.0,-0.0
2025-12-09 20:45:00,0.29313441709150667,4.5397868702434395e-05,-0.008353078999662545,0.004173713939732521,0.0,-0.0
2025-12-09 21:00:00,0.3925926190730044,4.5397868702434395e-05,-0.008340279919694943,0.004166137790790483,0.0,-0.0
2025-12-09 21:15:00,0.5538956049216293,4.5397868702434395e-05,-0.008337896302396744,0.004164726124776602,0.0,-0.0
2025-12-09 21:30:00,0.4327795036504479,4.5397868702434395e-05,-0.008359859654525105,0.0041777249208473114,0.0,-0.0
2025-12-09 22:00:00,0.4734791045875826,4.5397868702434395e-05,-0.00845105434806178,0.004231490159466481,0.0,-0.0
2025-12-09 22:15:00,0.42166965087560154,4.5397868702434395e-05,-0.005829387761262139,0.004237564490329529,0.0,-0.0
2025-12-09 22:30:00,0.5955579256743008,4.5397868702434395e-05,-0.008516905153926703,0.00427010812547796,0.0,-0.0
2025-12-09 22:45:00,0.5309444153780262,4.5397868702434395e-05,-0.008527094318615914,0.004276068308822623,0.0,-0.0
2025-12-09 23:00:00,0.44801253879214914,4.5397868702434395e-05,-0.008544745034156226,0.004286383559703092,0.0,-0.0
2025-12-09 23:30:00,0.5913429370760972,4.5397868702434395e-05,-0.008547865753401922,0.004288206076164413,0.0,-0.0
2025-12-10 00:00:00,0.5497586739219048,4.5397868702434395e-05,-0.00859099763144512,0.004313356632900385,0.0,-0.0
2025-12-10 00:30:00,0.46909931904424396,4.5397868702434395e-05,-0.008548574712959786,0.004288620059476269,0.0,-0.0
2025-12-10 01:00:00,0.5007027650573416,0.000238535070015099,-0.004170377825416653,0.004304122875178155,0.0,-0.0
2025-12-10 01:45:00,0.48544230057244697,0.9041004906741961,0.0011218198255536372,0.004307986180458955,0.0,0.0
2025-12-10 02:30:00,0.4882765075641646,0.9995846942281468,0.0038930400586778204,0.0043075563345955255,0.0,0.0
2025-12-10 03:00:00,0.5044914409336828,0.8797451358687393,0.0009950094444349932,0.004292149494396164,0.0,0.0
2025-12-10 03:45:00,0.6668146045243629,0.7209947061340247,0.00047470051939637887,0.004258691444612058,0.0,0.0
2025-12-10 04:30:00,0.7298194704174045,0.38542092585434734,-0.00023330077511476196,0.004196550170856188,0.38528830246911816,-8.988805960869612e-05
2025-12-10 05:00:00,0.733975378061444,0.00040913585905424384,-0.0039005270318871136,0.004190352196015634,0.3990356517649831,-0.0015564493463960094
2025-12-10 05:30:00,0.7182384167381768,4.5397868702434395e-05,-0.005898169140556685,0.004193165261488379,0.0,-0.0
2025-12-10 06:00:00,0.6535749015265194,9.272606589837295e-05,-0.004642884104512632,0.004183771224375172,0.0,-0.0
2025-12-10 06:30:00,0.6561676663983361,0.00016813376349984055,-0.004345291268080473,0.0041791047344626325,0.0,-0.0
2025-12-10 07:00:00,0.46883596664478333,0.00019598076991478503,-0.004268649008125067,0.0041847647576624064,0.0,-0.0
2025-12-10 07:30:00,0.598467675542317,0.02715415888740622,-0.00178934770822525,0.004177920181259637,0.0,-0.0
2025-12-10 07:45:00,0.6191537640693473,4.5397868702434395e-05,-0.011357844688806538,0.0041782889307719,0.0,-0.0
2025-12-10 08:00:00,0.6085523180103444,4.5397868702434395e-05,-0.011355871342185336,0.004177540401789401,0.0,-0.0
2025-12-10 08:15:00,0.5999908012819922,4.5397868702434395e-05,-0.011357570085627159,0.004178184772289132,0.0,-0.0
2025-12-10 08:30:00,0.5978273487674837,4.5397868702434395e-05,-0.011360986062845236,0.004179480381927745,0.0,-0.0
2025-12-10 08:45:00,0.6041200877135701,0.0031815255919095055,-0.002873603926971555,0.004182628750355707,0.0,-0.0
2025-12-10 09:00:00,0.3990703830448976,0.19081568674457958,-0.000722359374165535,0.004184735771173894,0.0,-0.0
2025-12-10 09:30:00,0.42912217066815056,4.5397868702434395e-05,-0.0051496075205504895,0.004162858367754862,0.0,-0.0
2025-12-10 09:45:00,0.5258430748275273,0.5,0.0,0.004226662853803437,0.0,0.0
2025-12-10 10:00:00,0.427472134902107,0.5,0.0,0.004230429205465004,0.0,0.0
2025-12-10 10:15:00,0.39468148113126894,0.5,0.0,0.004272915707324553,0.0,0.0
2025-12-10 10:30:00,0.4976838050553831,0.5,0.0,0.004270213242556828,0.0,0.0
2025-12-10 11:00:00,0.27364143568019533,0.5,0.0,0.004278402255426683,0.0,0.0
2025-12-10 11:15:00,0.24293751835558852,0.5,0.0,0.004279515056938745,0.0,0.0
2025-12-10 11:45:00,0.2027959511004587,0.5,0.0,0.004300543429981429,0.0,0.0
2025-12-10 12:15:00,0.12977175092723314,0.5,0.0,0.004286577041927866,0.0,0.0
2025-12-10 12:30:00,0.19005377475427743,0.5,0.0,0.004288789154113133,0.0,0.0
2025-12-10 12:45:00,0.1365398315472433,0.5,0.0,0.0042888997359927785,0.0,0.0
2025-12-10 13:00:00,0.11134485317822086,0.5,0.0,0.0042856463941530355,0.0,0.0
2025-12-10 13:15:00,0.09602367505644382,0.5,0.0,0.004293879816811917,0.0,0.0
2025-12-10 13:30:00,0.14861952806830508,0.5,0.0,0.004194852869610791,0.0,0.0
2025-12-10 13:45:00,0.10267939510157924,0.5,0.0,0.004192261096100972,0.0,0.0
2025-12-10 14:00:00,0.0819240041906117,0.5,0.0,0.0042138382333136255,0.0,0.0
2025-12-10 14:15:00,0.1686125795842062,0.5,0.0,0.004208192506683154,0.0,0.0
2025-12-10 14:30:00,0.3138074830295438,0.5,0.0,0.004211460357257651,0.0,0.0
