config_id,mode,pct,min_range_pct,min_vol_zscore,min_sign_consistency,barrier_k_tp,barrier_sl_base_mult,barrier_disp_floor,expansion_name,expansion_offsets,slice,side,kind,horizon,n_samples,n_days,opportunities_per_day,tp_sl_ratio,label_pos_rate,mean_ret_bps,sharpe,sortino,weighted_ret_bps
A_P05_FULL_ENEG48_S3,atr,0.05,0.06,1.6,0.6,1.0,0.5,0.1,neg48,"-4,-8",long_mr,long,mr,2,6508,0,6508.0,1.00:0.50,0.20236631837738167,-1.754296536091715,-1.5474397327858702,-6.544360452979036,8.209825027734041
A_P05_FULL_ENEG48_S3,atr,0.05,0.06,1.6,0.6,1.0,0.5,0.1,neg48,"-4,-8",long_mr,long,mr,4,6508,0,6508.0,1.00:0.50,0.2169637369391518,3.890925145242363,2.3892252945068497,9.513888633524276,23.756034206598997
A_P05_FULL_ENEG48_S3,atr,0.05,0.06,1.6,0.6,1.0,0.5,0.1,neg48,"-4,-8",long_mr,long,mr,8,6508,0,6508.0,1.00:0.50,0.23693915181315303,14.183782041072845,6.076209977488282,27.122456574292304,53.84031217545271
A_P05_FULL_ENEG48_S3,atr,0.05,0.06,1.6,0.6,1.0,0.5,0.1,neg48,"-4,-8",long_tf,long,tf,2,5875,0,5875.0,1.00:0.50,0.2022127659574468,-0.4164569327258505,-0.3684670250819807,-1.568971840014492,7.784725748933852
A_P05_FULL_ENEG48_S3,atr,0.05,0.06,1.6,0.6,1.0,0.5,0.1,neg48,"-4,-8",long_tf,long,tf,4,5874,0,5874.0,1.00:0.50,0.2313585291113381,6.903975154273212,4.185345300385198,17.166162017947798,23.97986128926277
A_P05_FULL_ENEG48_S3,atr,0.05,0.06,1.6,0.6,1.0,0.5,0.1,neg48,"-4,-8",long_tf,long,tf,8,5874,0,5874.0,1.00:0.50,0.25519237316990123,19.55525018274784,8.195278752593238,38.29498803139168,51.20991263538599
A_P05_FULL_ENEG48_S3,atr,0.05,0.06,1.6,0.6,1.0,0.5,0.1,neg48,"-4,-8",short_mr,short,mr,2,5875,0,5875.0,1.00:0.50,0.20017021276595745,-2.1025518071837723,-1.8540607961890698,-7.8941515636474975,-1.320693118032068
A_P05_FULL_ENEG48_S3,atr,0.05,0.06,1.6,0.6,1.0,0.5,0.1,neg48,"-4,-8",short_mr,short,mr,4,5874,0,5874.0,1.00:0.50,0.21620701395982295,1.2523865734692663,0.7728634627779567,3.125168457498317,-0.5428821896202862
A_P05_FULL_ENEG48_S3,atr,0.05,0.06,1.6,0.6,1.0,0.5,0.1,neg48,"-4,-8",short_mr,short,mr,8,5874,0,5874.0,1.00:0.50,0.22437861763704461,6.3016900094226,2.748736322483635,12.293250741334603,0.8878595690475777
A_P05_FULL_ENEG48_S3,atr,0.05,0.06,1.6,0.6,1.0,0.5,0.1,neg48,"-4,-8",short_tf,short,tf,2,6508,0,6508.0,1.00:0.50,0.2294099569760295,6.388532347045839,5.458410538649711,23.54347207909777,4.024277732241899
A_P05_FULL_ENEG48_S3,atr,0.05,0.06,1.6,0.6,1.0,0.5,0.1,neg48,"-4,-8",short_tf,short,tf,4,6508,0,6508.0,1.00:0.50,0.24446834665027659,14.29894007742405,8.473613299795474,35.77187410915585,5.089190672151744
A_P05_FULL_ENEG48_S3,atr,0.05,0.06,1.6,0.6,1.0,0.5,0.1,neg48,"-4,-8",short_tf,short,tf,8,6508,0,6508.0,1.00:0.50,0.26121696373693915,24.965540505945683,10.355740872080338,48.2132369660972,1.4664548507425934
A_P07_FULL_ENEG48_S3,atr,0.07,0.06,1.6,0.6,1.0,0.5,0.1,neg48,"-4,-8",long_mr,long,mr,2,6515,0,6515.0,1.00:0.50,0.202455871066769,-1.7494989151600748,-1.543151203819559,-6.526249859088052,8.153520757332444
A_P07_FULL_ENEG48_S3,atr,0.07,0.06,1.6,0.6,1.0,0.5,0.1,neg48,"-4,-8",long_mr,long,mr,4,6515,0,6515.0,1.00:0.50,0.21688411358403684,3.854565729852766,2.36682559410193,9.42938308257659,23.88159977272153
A_P07_FULL_ENEG48_S3,atr,0.07,0.06,1.6,0.6,1.0,0.5,0.1,neg48,"-4,-8",long_mr,long,mr,8,6515,0,6515.0,1.00:0.50,0.23683806600153492,14.107072493061423,6.043165369148268,26.97977556100879,54.00323309004307
A_P07_FULL_ENEG48_S3,atr,0.07,0.06,1.6,0.6,1.0,0.5,0.1,neg48,"-4,-8",long_tf,long,tf,2,5875,0,5875.0,1.00:0.50,0.2022127659574468,-0.4164569327258505,-0.3684670250819807,-1.568971840014492,7.784725748933852
A_P07_FULL_ENEG48_S3,atr,0.07,0.06,1.6,0.6,1.0,0.5,0.1,neg48,"-4,-8",long_tf,long,tf,4,5874,0,5874.0,1.00:0.50,0.2313585291113381,6.903975154273212,4.185345300385198,17.166162017947798,23.97986128926277
A_P07_FULL_ENEG48_S3,atr,0.07,0.06,1.6,0.6,1.0,0.5,0.1,neg48,"-4,-8",long_tf,long,tf,8,5874,0,5874.0,1.00:0.50,0.25519237316990123,19.55525018274784,8.195278752593238,38.29498803139168,51.20991263538599
A_P07_FULL_ENEG48_S3,atr,0.07,0.06,1.6,0.6,1.0,0.5,0.1,neg48,"-4,-8",short_mr,short,mr,2,5875,0,5875.0,1.00:0.50,0.20017021276595745,-2.1025518071837723,-1.8540607961890698,-7.8941515636474975,-1.320693118032068
A_P07_FULL_ENEG48_S3,atr,0.07,0.06,1.6,0.6,1.0,0.5,0.1,neg48,"-4,-8",short_mr,short,mr,4,5874,0,5874.0,1.00:0.50,0.21620701395982295,1.2523865734692663,0.7728634627779567,3.125168457498317,-0.5428821896202862
A_P07_FULL_ENEG48_S3,atr,0.07,0.06,1.6,0.6,1.0,0.5,0.1,neg48,"-4,-8",short_mr,short,mr,8,5874,0,5874.0,1.00:0.50,0.22437861763704461,6.3016900094226,2.748736322483635,12.293250741334603,0.8878595690475777
A_P07_FULL_ENEG48_S3,atr,0.07,0.06,1.6,0.6,1.0,0.5,0.1,neg48,"-4,-8",short_tf,short,tf,2,6515,0,6515.0,1.00:0.50,0.229623944742901,6.430863868445158,5.493413643355659,23.69377328236871,3.882356977555901
A_P07_FULL_ENEG48_S3,atr,0.07,0.06,1.6,0.6,1.0,0.5,0.1,neg48,"-4,-8",short_tf,short,tf,4,6515,0,6515.0,1.00:0.50,0.2446661550268611,14.361151261255145,8.511069117698373,35.91561769710553,5.201408639550209
A_P07_FULL_ENEG48_S3,atr,0.07,0.06,1.6,0.6,1.0,0.5,0.1,neg48,"-4,-8",short_tf,short,tf,8,6515,0,6515.0,1.00:0.50,0.2615502686108979,25.13473853468895,10.422186211925977,48.512946254430354,1.4675778220407665
A_P10_FULL_ENEG48_S3,atr,0.1,0.06,1.6,0.6,1.0,0.5,0.1,neg48,"-4,-8",long_mr,long,mr,2,6515,0,6515.0,1.00:0.50,0.202455871066769,-1.7494989151600748,-1.543151203819559,-6.526249859088052,8.153520757332444
A_P10_FULL_ENEG48_S3,atr,0.1,0.06,1.6,0.6,1.0,0.5,0.1,neg48,"-4,-8",long_mr,long,mr,4,6515,0,6515.0,1.00:0.50,0.21688411358403684,3.854565729852766,2.36682559410193,9.42938308257659,23.88159977272153
A_P10_FULL_ENEG48_S3,atr,0.1,0.06,1.6,0.6,1.0,0.5,0.1,neg48,"-4,-8",long_mr,long,mr,8,6515,0,6515.0,1.00:0.50,0.23683806600153492,14.107072493061423,6.043165369148268,26.97977556100879,54.00323309004307
A_P10_FULL_ENEG48_S3,atr,0.1,0.06,1.6,0.6,1.0,0.5,0.1,neg48,"-4,-8",long_tf,long,tf,2,5875,0,5875.0,1.00:0.50,0.2022127659574468,-0.4164569327258505,-0.3684670250819807,-1.568971840014492,7.784725748933852
A_P10_FULL_ENEG48_S3,atr,0.1,0.06,1.6,0.6,1.0,0.5,0.1,neg48,"-4,-8",long_tf,long,tf,4,5874,0,5874.0,1.00:0.50,0.2313585291113381,6.903975154273212,4.185345300385198,17.166162017947798,23.97986128926277
A_P10_FULL_ENEG48_S3,atr,0.1,0.06,1.6,0.6,1.0,0.5,0.1,neg48,"-4,-8",long_tf,long,tf,8,5874,0,5874.0,1.00:0.50,0.25519237316990123,19.55525018274784,8.195278752593238,38.29498803139168,51.20991263538599
A_P10_FULL_ENEG48_S3,atr,0.1,0.06,1.6,0.6,1.0,0.5,0.1,neg48,"-4,-8",short_mr,short,mr,2,5875,0,5875.0,1.00:0.50,0.20017021276595745,-2.1025518071837723,-1.8540607961890698,-7.8941515636474975,-1.320693118032068
A_P10_FULL_ENEG48_S3,atr,0.1,0.06,1.6,0.6,1.0,0.5,0.1,neg48,"-4,-8",short_mr,short,mr,4,5874,0,5874.0,1.00:0.50,0.21620701395982295,1.2523865734692663,0.7728634627779567,3.125168457498317,-0.5428821896202862
A_P10_FULL_ENEG48_S3,atr,0.1,0.06,1.6,0.6,1.0,0.5,0.1,neg48,"-4,-8",short_mr,short,mr,8,5874,0,5874.0,1.00:0.50,0.22437861763704461,6.3016900094226,2.748736322483635,12.293250741334603,0.8878595690475777
A_P10_FULL_ENEG48_S3,atr,0.1,0.06,1.6,0.6,1.0,0.5,0.1,neg48,"-4,-8",short_tf,short,tf,2,6515,0,6515.0,1.00:0.50,0.229623944742901,6.430863868445158,5.493413643355659,23.69377328236871,3.882356977555901
A_P10_FULL_ENEG48_S3,atr,0.1,0.06,1.6,0.6,1.0,0.5,0.1,neg48,"-4,-8",short_tf,short,tf,4,6515,0,6515.0,1.00:0.50,0.2446661550268611,14.361151261255145,8.511069117698373,35.91561769710553,5.201408639550209
A_P10_FULL_ENEG48_S3,atr,0.1,0.06,1.6,0.6,1.0,0.5,0.1,neg48,"-4,-8",short_tf,short,tf,8,6515,0,6515.0,1.00:0.50,0.2615502686108979,25.13473853468895,10.422186211925977,48.512946254430354,1.4675778220407665
A_P20_FULL_ENEG48_S3,atr,0.2,0.06,1.6,0.6,1.0,0.5,0.1,neg48,"-4,-8",long_mr,long,mr,2,6515,0,6515.0,1.00:0.50,0.202455871066769,-1.7494989151600748,-1.543151203819559,-6.526249859088052,8.153520757332444
A_P20_FULL_ENEG48_S3,atr,0.2,0.06,1.6,0.6,1.0,0.5,0.1,neg48,"-4,-8",long_mr,long,mr,4,6515,0,6515.0,1.00:0.50,0.21688411358403684,3.854565729852766,2.36682559410193,9.42938308257659,23.88159977272153
A_P20_FULL_ENEG48_S3,atr,0.2,0.06,1.6,0.6,1.0,0.5,0.1,neg48,"-4,-8",long_mr,long,mr,8,6515,0,6515.0,1.00:0.50,0.23683806600153492,14.107072493061423,6.043165369148268,26.97977556100879,54.00323309004307
A_P20_FULL_ENEG48_S3,atr,0.2,0.06,1.6,0.6,1.0,0.5,0.1,neg48,"-4,-8",long_tf,long,tf,2,5875,0,5875.0,1.00:0.50,0.2022127659574468,-0.4164569327258505,-0.3684670250819807,-1.568971840014492,7.784725748933852
A_P20_FULL_ENEG48_S3,atr,0.2,0.06,1.6,0.6,1.0,0.5,0.1,neg48,"-4,-8",long_tf,long,tf,4,5874,0,5874.0,1.00:0.50,0.2313585291113381,6.903975154273212,4.185345300385198,17.166162017947798,23.97986128926277
A_P20_FULL_ENEG48_S3,atr,0.2,0.06,1.6,0.6,1.0,0.5,0.1,neg48,"-4,-8",long_tf,long,tf,8,5874,0,5874.0,1.00:0.50,0.25519237316990123,19.55525018274784,8.195278752593238,38.29498803139168,51.20991263538599
A_P20_FULL_ENEG48_S3,atr,0.2,0.06,1.6,0.6,1.0,0.5,0.1,neg48,"-4,-8",short_mr,short,mr,2,5875,0,5875.0,1.00:0.50,0.20017021276595745,-2.1025518071837723,-1.8540607961890698,-7.8941515636474975,-1.320693118032068
A_P20_FULL_ENEG48_S3,atr,0.2,0.06,1.6,0.6,1.0,0.5,0.1,neg48,"-4,-8",short_mr,short,mr,4,5874,0,5874.0,1.00:0.50,0.21620701395982295,1.2523865734692663,0.7728634627779567,3.125168457498317,-0.5428821896202862
A_P20_FULL_ENEG48_S3,atr,0.2,0.06,1.6,0.6,1.0,0.5,0.1,neg48,"-4,-8",short_mr,short,mr,8,5874,0,5874.0,1.00:0.50,0.22437861763704461,6.3016900094226,2.748736322483635,12.293250741334603,0.8878595690475777
A_P20_FULL_ENEG48_S3,atr,0.2,0.06,1.6,0.6,1.0,0.5,0.1,neg48,"-4,-8",short_tf,short,tf,2,6515,0,6515.0,1.00:0.50,0.229623944742901,6.430863868445158,5.493413643355659,23.69377328236871,3.882356977555901
A_P20_FULL_ENEG48_S3,atr,0.2,0.06,1.6,0.6,1.0,0.5,0.1,neg48,"-4,-8",short_tf,short,tf,4,6515,0,6515.0,1.00:0.50,0.2446661550268611,14.361151261255145,8.511069117698373,35.91561769710553,5.201408639550209
A_P20_FULL_ENEG48_S3,atr,0.2,0.06,1.6,0.6,1.0,0.5,0.1,neg48,"-4,-8",short_tf,short,tf,8,6515,0,6515.0,1.00:0.50,0.2615502686108979,25.13473853468895,10.422186211925977,48.512946254430354,1.4675778220407665
A_P06_FULL_ENEG48_S3,atr,0.06,0.06,1.6,0.6,1.0,0.5,0.1,neg48,"-4,-8",long_mr,long,mr,2,6515,0,6515.0,1.00:0.50,0.202455871066769,-1.7494989151600748,-1.543151203819559,-6.526249859088052,8.153520757332444
A_P06_FULL_ENEG48_S3,atr,0.06,0.06,1.6,0.6,1.0,0.5,0.1,neg48,"-4,-8",long_mr,long,mr,4,6515,0,6515.0,1.00:0.50,0.21688411358403684,3.854565729852766,2.36682559410193,9.42938308257659,23.88159977272153
A_P06_FULL_ENEG48_S3,atr,0.06,0.06,1.6,0.6,1.0,0.5,0.1,neg48,"-4,-8",long_mr,long,mr,8,6515,0,6515.0,1.00:0.50,0.23683806600153492,14.107072493061423,6.043165369148268,26.97977556100879,54.00323309004307
A_P06_FULL_ENEG48_S3,atr,0.06,0.06,1.6,0.6,1.0,0.5,0.1,neg48,"-4,-8",long_tf,long,tf,2,5875,0,5875.0,1.00:0.50,0.2022127659574468,-0.4164569327258505,-0.3684670250819807,-1.568971840014492,7.784725748933852
A_P06_FULL_ENEG48_S3,atr,0.06,0.06,1.6,0.6,1.0,0.5,0.1,neg48,"-4,-8",long_tf,long,tf,4,5874,0,5874.0,1.00:0.50,0.2313585291113381,6.903975154273212,4.185345300385198,17.166162017947798,23.97986128926277
A_P06_FULL_ENEG48_S3,atr,0.06,0.06,1.6,0.6,1.0,0.5,0.1,neg48,"-4,-8",long_tf,long,tf,8,5874,0,5874.0,1.00:0.50,0.25519237316990123,19.55525018274784,8.195278752593238,38.29498803139168,51.20991263538599
A_P06_FULL_ENEG48_S3,atr,0.06,0.06,1.6,0.6,1.0,0.5,0.1,neg48,"-4,-8",short_mr,short,mr,2,5875,0,5875.0,1.00:0.50,0.20017021276595745,-2.1025518071837723,-1.8540607961890698,-7.8941515636474975,-1.320693118032068
A_P06_FULL_ENEG48_S3,atr,0.06,0.06,1.6,0.6,1.0,0.5,0.1,neg48,"-4,-8",short_mr,short,mr,4,5874,0,5874.0,1.00:0.50,0.21620701395982295,1.2523865734692663,0.7728634627779567,3.125168457498317,-0.5428821896202862
A_P06_FULL_ENEG48_S3,atr,0.06,0.06,1.6,0.6,1.0,0.5,0.1,neg48,"-4,-8",short_mr,short,mr,8,5874,0,5874.0,1.00:0.50,0.22437861763704461,6.3016900094226,2.748736322483635,12.293250741334603,0.8878595690475777
A_P06_FULL_ENEG48_S3,atr,0.06,0.06,1.6,0.6,1.0,0.5,0.1,neg48,"-4,-8",short_tf,short,tf,2,6515,0,6515.0,1.00:0.50,0.229623944742901,6.430863868445158,5.493413643355659,23.69377328236871,3.882356977555901
A_P06_FULL_ENEG48_S3,atr,0.06,0.06,1.6,0.6,1.0,0.5,0.1,neg48,"-4,-8",short_tf,short,tf,4,6515,0,6515.0,1.00:0.50,0.2446661550268611,14.361151261255145,8.511069117698373,35.91561769710553,5.201408639550209
A_P06_FULL_ENEG48_S3,atr,0.06,0.06,1.6,0.6,1.0,0.5,0.1,neg48,"-4,-8",short_tf,short,tf,8,6515,0,6515.0,1.00:0.50,0.2615502686108979,25.13473853468895,10.422186211925977,48.512946254430354,1.4675778220407665
AVW_P05_FULL_ENEG48_S3,atr_vol_weight,0.05,0.06,1.6,0.6,1.0,0.5,0.1,neg48,"-4,-8",long_mr,long,mr,2,6508,0,6508.0,1.00:0.50,0.20251997541487401,-1.7075994401238859,-1.5057227627693202,-6.369398529500952,8.112990180961788
AVW_P05_FULL_ENEG48_S3,atr_vol_weight,0.05,0.06,1.6,0.6,1.0,0.5,0.1,neg48,"-4,-8",long_mr,long,mr,4,6508,0,6508.0,1.00:0.50,0.21711739397664412,3.9545207982882857,2.427514601016076,9.668313225224427,23.742469493299723
AVW_P05_FULL_ENEG48_S3,atr_vol_weight,0.05,0.06,1.6,0.6,1.0,0.5,0.1,neg48,"-4,-8",long_mr,long,mr,8,6508,0,6508.0,1.00:0.50,0.23709280885064535,14.268308877944946,6.110627921447057,27.283202432786208,53.63116040825844
AVW_P05_FULL_ENEG48_S3,atr_vol_weight,0.05,0.06,1.6,0.6,1.0,0.5,0.1,neg48,"-4,-8",long_tf,long,tf,2,5875,0,5875.0,1.00:0.50,0.2022127659574468,-0.4164569327258505,-0.3684670250819807,-1.568971840014492,7.784725748933852
AVW_P05_FULL_ENEG48_S3,atr_vol_weight,0.05,0.06,1.6,0.6,1.0,0.5,0.1,neg48,"-4,-8",long_tf,long,tf,4,5874,0,5874.0,1.00:0.50,0.2313585291113381,6.903975154273212,4.185345300385198,17.166162017947798,23.97986128926277
AVW_P05_FULL_ENEG48_S3,atr_vol_weight,0.05,0.06,1.6,0.6,1.0,0.5,0.1,neg48,"-4,-8",long_tf,long,tf,8,5874,0,5874.0,1.00:0.50,0.25519237316990123,19.55525018274784,8.195278752593238,38.29498803139168,51.20991263538599
AVW_P05_FULL_ENEG48_S3,atr_vol_weight,0.05,0.06,1.6,0.6,1.0,0.5,0.1,neg48,"-4,-8",short_mr,short,mr,2,5875,0,5875.0,1.00:0.50,0.20017021276595745,-2.1025518071837723,-1.8540607961890698,-7.8941515636474975,-1.320693118032068
AVW_P05_FULL_ENEG48_S3,atr_vol_weight,0.05,0.06,1.6,0.6,1.0,0.5,0.1,neg48,"-4,-8",short_mr,short,mr,4,5874,0,5874.0,1.00:0.50,0.21620701395982295,1.2523865734692663,0.7728634627779567,3.125168457498317,-0.5428821896202862
AVW_P05_FULL_ENEG48_S3,atr_vol_weight,0.05,0.06,1.6,0.6,1.0,0.5,0.1,neg48,"-4,-8",short_mr,short,mr,8,5874,0,5874.0,1.00:0.50,0.22437861763704461,6.3016900094226,2.748736322483635,12.293250741334603,0.8878595690475777
AVW_P05_FULL_ENEG48_S3,atr_vol_weight,0.05,0.06,1.6,0.6,1.0,0.5,0.1,neg48,"-4,-8",short_tf,short,tf,2,6508,0,6508.0,1.00:0.50,0.2294099569760295,6.376734236255288,5.448022590087277,23.513974561567473,4.104494582861662
AVW_P05_FULL_ENEG48_S3,atr_vol_weight,0.05,0.06,1.6,0.6,1.0,0.5,0.1,neg48,"-4,-8",short_tf,short,tf,4,6508,0,6508.0,1.00:0.50,0.24446834665027659,14.282120391726494,8.463144834940465,35.749819654010416,5.083204014226794
AVW_P05_FULL_ENEG48_S3,atr_vol_weight,0.05,0.06,1.6,0.6,1.0,0.5,0.1,neg48,"-4,-8",short_tf,short,tf,8,6508,0,6508.0,1.00:0.50,0.26121696373693915,24.931728839874268,10.34113781599893,48.15140078764264,1.465958630433306
AVW_P07_FULL_ENEG48_S3,atr_vol_weight,0.07,0.06,1.6,0.6,1.0,0.5,0.1,neg48,"-4,-8",long_mr,long,mr,2,6515,0,6515.0,1.00:0.50,0.202455871066769,-1.7494989151600748,-1.543151203819559,-6.526249859088052,8.153520757332444
AVW_P07_FULL_ENEG48_S3,atr_vol_weight,0.07,0.06,1.6,0.6,1.0,0.5,0.1,neg48,"-4,-8",long_mr,long,mr,4,6515,0,6515.0,1.00:0.50,0.21688411358403684,3.854565729852766,2.36682559410193,9.42938308257659,23.88159977272153
AVW_P07_FULL_ENEG48_S3,atr_vol_weight,0.07,0.06,1.6,0.6,1.0,0.5,0.1,neg48,"-4,-8",long_mr,long,mr,8,6515,0,6515.0,1.00:0.50,0.23683806600153492,14.107072493061423,6.043165369148268,26.97977556100879,54.00323309004307
AVW_P07_FULL_ENEG48_S3,atr_vol_weight,0.07,0.06,1.6,0.6,1.0,0.5,0.1,neg48,"-4,-8",long_tf,long,tf,2,5875,0,5875.0,1.00:0.50,0.2022127659574468,-0.4164569327258505,-0.3684670250819807,-1.568971840014492,7.784725748933852
AVW_P07_FULL_ENEG48_S3,atr_vol_weight,0.07,0.06,1.6,0.6,1.0,0.5,0.1,neg48,"-4,-8",long_tf,long,tf,4,5874,0,5874.0,1.00:0.50,0.2313585291113381,6.903975154273212,4.185345300385198,17.166162017947798,23.97986128926277
AVW_P07_FULL_ENEG48_S3,atr_vol_weight,0.07,0.06,1.6,0.6,1.0,0.5,0.1,neg48,"-4,-8",long_tf,long,tf,8,5874,0,5874.0,1.00:0.50,0.25519237316990123,19.55525018274784,8.195278752593238,38.29498803139168,51.20991263538599
AVW_P07_FULL_ENEG48_S3,atr_vol_weight,0.07,0.06,1.6,0.6,1.0,0.5,0.1,neg48,"-4,-8",short_mr,short,mr,2,5875,0,5875.0,1.00:0.50,0.20017021276595745,-2.1025518071837723,-1.8540607961890698,-7.8941515636474975,-1.320693118032068
AVW_P07_FULL_ENEG48_S3,atr_vol_weight,0.07,0.06,1.6,0.6,1.0,0.5,0.1,neg48,"-4,-8",short_mr,short,mr,4,5874,0,5874.0,1.00:0.50,0.21620701395982295,1.2523865734692663,0.7728634627779567,3.125168457498317,-0.5428821896202862
AVW_P07_FULL_ENEG48_S3,atr_vol_weight,0.07,0.06,1.6,0.6,1.0,0.5,0.1,neg48,"-4,-8",short_mr,short,mr,8,5874,0,5874.0,1.00:0.50,0.22437861763704461,6.3016900094226,2.748736322483635,12.293250741334603,0.8878595690475777
AVW_P07_FULL_ENEG48_S3,atr_vol_weight,0.07,0.06,1.6,0.6,1.0,0.5,0.1,neg48,"-4,-8",short_tf,short,tf,2,6515,0,6515.0,1.00:0.50,0.229623944742901,6.430863868445158,5.493413643355659,23.69377328236871,3.882356977555901
AVW_P07_FULL_ENEG48_S3,atr_vol_weight,0.07,0.06,1.6,0.6,1.0,0.5,0.1,neg48,"-4,-8",short_tf,short,tf,4,6515,0,6515.0,1.00:0.50,0.2446661550268611,14.361151261255145,8.511069117698373,35.91561769710553,5.201408639550209
AVW_P07_FULL_ENEG48_S3,atr_vol_weight,0.07,0.06,1.6,0.6,1.0,0.5,0.1,neg48,"-4,-8",short_tf,short,tf,8,6515,0,6515.0,1.00:0.50,0.2615502686108979,25.13473853468895,10.422186211925977,48.512946254430354,1.4675778220407665
AVW_P10_FULL_ENEG48_S3,atr_vol_weight,0.1,0.06,1.6,0.6,1.0,0.5,0.1,neg48,"-4,-8",long_mr,long,mr,2,6515,0,6515.0,1.00:0.50,0.202455871066769,-1.7494989151600748,-1.543151203819559,-6.526249859088052,8.153520757332444
AVW_P10_FULL_ENEG48_S3,atr_vol_weight,0.1,0.06,1.6,0.6,1.0,0.5,0.1,neg48,"-4,-8",long_mr,long,mr,4,6515,0,6515.0,1.00:0.50,0.21688411358403684,3.854565729852766,2.36682559410193,9.42938308257659,23.88159977272153
AVW_P10_FULL_ENEG48_S3,atr_vol_weight,0.1,0.06,1.6,0.6,1.0,0.5,0.1,neg48,"-4,-8",long_mr,long,mr,8,6515,0,6515.0,1.00:0.50,0.23683806600153492,14.107072493061423,6.043165369148268,26.97977556100879,54.00323309004307
AVW_P10_FULL_ENEG48_S3,atr_vol_weight,0.1,0.06,1.6,0.6,1.0,0.5,0.1,neg48,"-4,-8",long_tf,long,tf,2,5875,0,5875.0,1.00:0.50,0.2022127659574468,-0.4164569327258505,-0.3684670250819807,-1.568971840014492,7.784725748933852
AVW_P10_FULL_ENEG48_S3,atr_vol_weight,0.1,0.06,1.6,0.6,1.0,0.5,0.1,neg48,"-4,-8",long_tf,long,tf,4,5874,0,5874.0,1.00:0.50,0.2313585291113381,6.903975154273212,4.185345300385198,17.166162017947798,23.97986128926277
AVW_P10_FULL_ENEG48_S3,atr_vol_weight,0.1,0.06,1.6,0.6,1.0,0.5,0.1,neg48,"-4,-8",long_tf,long,tf,8,5874,0,5874.0,1.00:0.50,0.25519237316990123,19.55525018274784,8.195278752593238,38.29498803139168,51.20991263538599
AVW_P10_FULL_ENEG48_S3,atr_vol_weight,0.1,0.06,1.6,0.6,1.0,0.5,0.1,neg48,"-4,-8",short_mr,short,mr,2,5875,0,5875.0,1.00:0.50,0.20017021276595745,-2.1025518071837723,-1.8540607961890698,-7.8941515636474975,-1.320693118032068
AVW_P10_FULL_ENEG48_S3,atr_vol_weight,0.1,0.06,1.6,0.6,1.0,0.5,0.1,neg48,"-4,-8",short_mr,short,mr,4,5874,0,5874.0,1.00:0.50,0.21620701395982295,1.2523865734692663,0.7728634627779567,3.125168457498317,-0.5428821896202862
AVW_P10_FULL_ENEG48_S3,atr_vol_weight,0.1,0.06,1.6,0.6,1.0,0.5,0.1,neg48,"-4,-8",short_mr,short,mr,8,5874,0,5874.0,1.00:0.50,0.22437861763704461,6.3016900094226,2.748736322483635,12.293250741334603,0.8878595690475777
AVW_P10_FULL_ENEG48_S3,atr_vol_weight,0.1,0.06,1.6,0.6,1.0,0.5,0.1,neg48,"-4,-8",short_tf,short,tf,2,6515,0,6515.0,1.00:0.50,0.229623944742901,6.430863868445158,5.493413643355659,23.69377328236871,3.882356977555901
AVW_P10_FULL_ENEG48_S3,atr_vol_weight,0.1,0.06,1.6,0.6,1.0,0.5,0.1,neg48,"-4,-8",short_tf,short,tf,4,6515,0,6515.0,1.00:0.50,0.2446661550268611,14.361151261255145,8.511069117698373,35.91561769710553,5.201408639550209
AVW_P10_FULL_ENEG48_S3,atr_vol_weight,0.1,0.06,1.6,0.6,1.0,0.5,0.1,neg48,"-4,-8",short_tf,short,tf,8,6515,0,6515.0,1.00:0.50,0.2615502686108979,25.13473853468895,10.422186211925977,48.512946254430354,1.4675778220407665
AVW_P20_FULL_ENEG48_S3,atr_vol_weight,0.2,0.06,1.6,0.6,1.0,0.5,0.1,neg48,"-4,-8",long_mr,long,mr,2,6515,0,6515.0,1.00:0.50,0.202455871066769,-1.7494989151600748,-1.543151203819559,-6.526249859088052,8.153520757332444
AVW_P20_FULL_ENEG48_S3,atr_vol_weight,0.2,0.06,1.6,0.6,1.0,0.5,0.1,neg48,"-4,-8",long_mr,long,mr,4,6515,0,6515.0,1.00:0.50,0.21688411358403684,3.854565729852766,2.36682559410193,9.42938308257659,23.88159977272153
AVW_P20_FULL_ENEG48_S3,atr_vol_weight,0.2,0.06,1.6,0.6,1.0,0.5,0.1,neg48,"-4,-8",long_mr,long,mr,8,6515,0,6515.0,1.00:0.50,0.23683806600153492,14.107072493061423,6.043165369148268,26.97977556100879,54.00323309004307
AVW_P20_FULL_ENEG48_S3,atr_vol_weight,0.2,0.06,1.6,0.6,1.0,0.5,0.1,neg48,"-4,-8",long_tf,long,tf,2,5875,0,5875.0,1.00:0.50,0.2022127659574468,-0.4164569327258505,-0.3684670250819807,-1.568971840014492,7.784725748933852
AVW_P20_FULL_ENEG48_S3,atr_vol_weight,0.2,0.06,1.6,0.6,1.0,0.5,0.1,neg48,"-4,-8",long_tf,long,tf,4,5874,0,5874.0,1.00:0.50,0.2313585291113381,6.903975154273212,4.185345300385198,17.166162017947798,23.97986128926277
AVW_P20_FULL_ENEG48_S3,atr_vol_weight,0.2,0.06,1.6,0.6,1.0,0.5,0.1,neg48,"-4,-8",long_tf,long,tf,8,5874,0,5874.0,1.00:0.50,0.25519237316990123,19.55525018274784,8.195278752593238,38.29498803139168,51.20991263538599
AVW_P20_FULL_ENEG48_S3,atr_vol_weight,0.2,0.06,1.6,0.6,1.0,0.5,0.1,neg48,"-4,-8",short_mr,short,mr,2,5875,0,5875.0,1.00:0.50,0.20017021276595745,-2.1025518071837723,-1.8540607961890698,-7.8941515636474975,-1.320693118032068
AVW_P20_FULL_ENEG48_S3,atr_vol_weight,0.2,0.06,1.6,0.6,1.0,0.5,0.1,neg48,"-4,-8",short_mr,short,mr,4,5874,0,5874.0,1.00:0.50,0.21620701395982295,1.2523865734692663,0.7728634627779567,3.125168457498317,-0.5428821896202862
AVW_P20_FULL_ENEG48_S3,atr_vol_weight,0.2,0.06,1.6,0.6,1.0,0.5,0.1,neg48,"-4,-8",short_mr,short,mr,8,5874,0,5874.0,1.00:0.50,0.22437861763704461,6.3016900094226,2.748736322483635,12.293250741334603,0.8878595690475777
AVW_P20_FULL_ENEG48_S3,atr_vol_weight,0.2,0.06,1.6,0.6,1.0,0.5,0.1,neg48,"-4,-8",short_tf,short,tf,2,6515,0,6515.0,1.00:0.50,0.229623944742901,6.430863868445158,5.493413643355659,23.69377328236871,3.882356977555901
AVW_P20_FULL_ENEG48_S3,atr_vol_weight,0.2,0.06,1.6,0.6,1.0,0.5,0.1,neg48,"-4,-8",short_tf,short,tf,4,6515,0,6515.0,1.00:0.50,0.2446661550268611,14.361151261255145,8.511069117698373,35.91561769710553,5.201408639550209
AVW_P20_FULL_ENEG48_S3,atr_vol_weight,0.2,0.06,1.6,0.6,1.0,0.5,0.1,neg48,"-4,-8",short_tf,short,tf,8,6515,0,6515.0,1.00:0.50,0.2615502686108979,25.13473853468895,10.422186211925977,48.512946254430354,1.4675778220407665
AVW_P06_FULL_ENEG48_S3,atr_vol_weight,0.06,0.06,1.6,0.6,1.0,0.5,0.1,neg48,"-4,-8",long_mr,long,mr,2,6515,0,6515.0,1.00:0.50,0.202455871066769,-1.7494989151600748,-1.543151203819559,-6.526249859088052,8.153520757332444
AVW_P06_FULL_ENEG48_S3,atr_vol_weight,0.06,0.06,1.6,0.6,1.0,0.5,0.1,neg48,"-4,-8",long_mr,long,mr,4,6515,0,6515.0,1.00:0.50,0.21688411358403684,3.854565729852766,2.36682559410193,9.42938308257659,23.88159977272153
AVW_P06_FULL_ENEG48_S3,atr_vol_weight,0.06,0.06,1.6,0.6,1.0,0.5,0.1,neg48,"-4,-8",long_mr,long,mr,8,6515,0,6515.0,1.00:0.50,0.23683806600153492,14.107072493061423,6.043165369148268,26.97977556100879,54.00323309004307
AVW_P06_FULL_ENEG48_S3,atr_vol_weight,0.06,0.06,1.6,0.6,1.0,0.5,0.1,neg48,"-4,-8",long_tf,long,tf,2,5875,0,5875.0,1.00:0.50,0.2022127659574468,-0.4164569327258505,-0.3684670250819807,-1.568971840014492,7.784725748933852
AVW_P06_FULL_ENEG48_S3,atr_vol_weight,0.06,0.06,1.6,0.6,1.0,0.5,0.1,neg48,"-4,-8",long_tf,long,tf,4,5874,0,5874.0,1.00:0.50,0.2313585291113381,6.903975154273212,4.185345300385198,17.166162017947798,23.97986128926277
AVW_P06_FULL_ENEG48_S3,atr_vol_weight,0.06,0.06,1.6,0.6,1.0,0.5,0.1,neg48,"-4,-8",long_tf,long,tf,8,5874,0,5874.0,1.00:0.50,0.25519237316990123,19.55525018274784,8.195278752593238,38.29498803139168,51.20991263538599
AVW_P06_FULL_ENEG48_S3,atr_vol_weight,0.06,0.06,1.6,0.6,1.0,0.5,0.1,neg48,"-4,-8",short_mr,short,mr,2,5875,0,5875.0,1.00:0.50,0.20017021276595745,-2.1025518071837723,-1.8540607961890698,-7.8941515636474975,-1.320693118032068
AVW_P06_FULL_ENEG48_S3,atr_vol_weight,0.06,0.06,1.6,0.6,1.0,0.5,0.1,neg48,"-4,-8",short_mr,short,mr,4,5874,0,5874.0,1.00:0.50,0.21620701395982295,1.2523865734692663,0.7728634627779567,3.125168457498317,-0.5428821896202862
AVW_P06_FULL_ENEG48_S3,atr_vol_weight,0.06,0.06,1.6,0.6,1.0,0.5,0.1,neg48,"-4,-8",short_mr,short,mr,8,5874,0,5874.0,1.00:0.50,0.22437861763704461,6.3016900094226,2.748736322483635,12.293250741334603,0.8878595690475777
AVW_P06_FULL_ENEG48_S3,atr_vol_weight,0.06,0.06,1.6,0.6,1.0,0.5,0.1,neg48,"-4,-8",short_tf,short,tf,2,6515,0,6515.0,1.00:0.50,0.229623944742901,6.430863868445158,5.493413643355659,23.69377328236871,3.882356977555901
AVW_P06_FULL_ENEG48_S3,atr_vol_weight,0.06,0.06,1.6,0.6,1.0,0.5,0.1,neg48,"-4,-8",short_tf,short,tf,4,6515,0,6515.0,1.00:0.50,0.2446661550268611,14.361151261255145,8.511069117698373,35.91561769710553,5.201408639550209
AVW_P06_FULL_ENEG48_S3,atr_vol_weight,0.06,0.06,1.6,0.6,1.0,0.5,0.1,neg48,"-4,-8",short_tf,short,tf,8,6515,0,6515.0,1.00:0.50,0.2615502686108979,25.13473853468895,10.422186211925977,48.512946254430354,1.4675778220407665
